[0.000000] (-) TimerEvent: {}
[0.000415] (-) JobUnselected: {'identifier': 'romi_base'}
[0.000460] (rplidar_ros) JobQueued: {'identifier': 'rplidar_ros', 'dependencies': OrderedDict()}
[0.000511] (rplidar_ros) JobStarted: {'identifier': 'rplidar_ros'}
[0.007022] (rplidar_ros) JobProgress: {'identifier': 'rplidar_ros', 'progress': 'cmake'}
[0.007268] (rplidar_ros) Command: {'cmd': ['/usr/bin/cmake', '/root/ros2_ws/src/ROMI-ROS2/rplidar_ros', '-DAMENT_CMAKE_SYMLINK_INSTALL=1', '-DCMAKE_INSTALL_PREFIX=/root/ros2_ws/src/ROMI-ROS2/install/rplidar_ros'], 'cwd': '/root/ros2_ws/src/ROMI-ROS2/build/rplidar_ros', 'env': OrderedDict([('GIT_EDITOR', ':'), ('HOSTNAME', 'shue-thinkpad'), ('GIT_ASKPASS', '/vscode/vscode-server/bin/linux-x64/f6cfa2ea2403534de03f069bdf160d06451ed282/extensions/git/dist/askpass.sh'), ('SHLVL', '2'), ('LD_LIBRARY_PATH', '/opt/ros/humble/opt/rviz_ogre_vendor/lib:/opt/ros/humble/lib/x86_64-linux-gnu:/opt/ros/humble/lib'), ('COPILOT_AGENT', '1'), ('BROWSER', '/vscode/vscode-server/bin/linux-x64/f6cfa2ea2403534de03f069bdf160d06451ed282/bin/helpers/browser.sh'), ('HOME', '/root'), ('TERM_PROGRAM_VERSION', '1.121.0'), ('VSCODE_IPC_HOOK_CLI', '/tmp/vscode-ipc-e116993e-fba6-44a8-92a7-ac3186c03027.sock'), ('ROS_PYTHON_VERSION', '3'), ('VSCODE_GIT_ASKPASS_MAIN', '/vscode/vscode-server/bin/linux-x64/f6cfa2ea2403534de03f069bdf160d06451ed282/extensions/git/dist/askpass-main.js'), ('VSCODE_GIT_ASKPASS_NODE', '/vscode/vscode-server/bin/linux-x64/f6cfa2ea2403534de03f069bdf160d06451ed282/node'), ('VSCODE_PYTHON_AUTOACTIVATE_GUARD', '1'), ('COLORTERM', 'truecolor'), ('REMOTE_CONTAINERS', 'true'), ('WAYLAND_DISPLAY', 'vscode-wayland-793b1ade-99ec-48bd-9370-7e1652edf79e.sock'), ('COLCON_PREFIX_PATH', '/root/ros2_ws/src/ROMI-ROS2/install'), ('ROS_DISTRO', 'humble'), ('REMOTE_CONTAINERS_IPC', '/tmp/vscode-remote-containers-ipc-b5ed3e29-fff0-480b-8f00-91ff535d85f5.sock'), ('_', '/usr/bin/colcon'), ('ROS_VERSION', '2'), ('TERM', 'xterm-256color'), ('ROS_LOCALHOST_ONLY', '0'), ('HISTCONTROL', 'ignorespace'), ('PATH', '/opt/ros/humble/bin:/root/.vscode-server/data/User/globalStorage/github.copilot-chat/debugCommand:/root/.vscode-server/data/User/globalStorage/github.copilot-chat/copilotCli:/vscode/vscode-server/bin/linux-x64/f6cfa2ea2403534de03f069bdf160d06451ed282/bin/remote-cli:/usr/local/sbin:/usr/local/bin:/usr/sbin:/usr/bin:/sbin:/bin'), ('XDG_RUNTIME_DIR', '/tmp/user/0'), ('REMOTE_CONTAINERS_SOCKETS', '["/tmp/vscode-ssh-auth-b5ed3e29-fff0-480b-8f00-91ff535d85f5.sock","/root/.gnupg/S.gpg-agent"]'), ('DISPLAY', ':0'), ('LANG', 'C.UTF-8'), ('XAUTHORITY', '/tmp/.Xauthority'), ('LS_COLORS', 'rs=0:di=01;34:ln=01;36:mh=00:pi=40;33:so=01;35:do=01;35:bd=40;33;01:cd=40;33;01:or=40;31;01:mi=00:su=37;41:sg=30;43:ca=30;41:tw=30;42:ow=34;42:st=37;44:ex=01;32:*.tar=01;31:*.tgz=01;31:*.arc=01;31:*.arj=01;31:*.taz=01;31:*.lha=01;31:*.lz4=01;31:*.lzh=01;31:*.lzma=01;31:*.tlz=01;31:*.txz=01;31:*.tzo=01;31:*.t7z=01;31:*.zip=01;31:*.z=01;31:*.dz=01;31:*.gz=01;31:*.lrz=01;31:*.lz=01;31:*.lzo=01;31:*.xz=01;31:*.zst=01;31:*.tzst=01;31:*.bz2=01;31:*.bz=01;31:*.tbz=01;31:*.tbz2=01;31:*.tz=01;31:*.deb=01;31:*.rpm=01;31:*.jar=01;31:*.war=01;31:*.ear=01;31:*.sar=01;31:*.rar=01;31:*.alz=01;31:*.ace=01;31:*.zoo=01;31:*.cpio=01;31:*.7z=01;31:*.rz=01;31:*.cab=01;31:*.wim=01;31:*.swm=01;31:*.dwm=01;31:*.esd=01;31:*.jpg=01;35:*.jpeg=01;35:*.mjpg=01;35:*.mjpeg=01;35:*.gif=01;35:*.bmp=01;35:*.pbm=01;35:*.pgm=01;35:*.ppm=01;35:*.tga=01;35:*.xbm=01;35:*.xpm=01;35:*.tif=01;35:*.tiff=01;35:*.png=01;35:*.svg=01;35:*.svgz=01;35:*.mng=01;35:*.pcx=01;35:*.mov=01;35:*.mpg=01;35:*.mpeg=01;35:*.m2v=01;35:*.mkv=01;35:*.webm=01;35:*.webp=01;35:*.ogm=01;35:*.mp4=01;35:*.m4v=01;35:*.mp4v=01;35:*.vob=01;35:*.qt=01;35:*.nuv=01;35:*.wmv=01;35:*.asf=01;35:*.rm=01;35:*.rmvb=01;35:*.flc=01;35:*.avi=01;35:*.fli=01;35:*.flv=01;35:*.gl=01;35:*.dl=01;35:*.xcf=01;35:*.xwd=01;35:*.yuv=01;35:*.cgm=01;35:*.emf=01;35:*.ogv=01;35:*.ogx=01;35:*.aac=00;36:*.au=00;36:*.flac=00;36:*.m4a=00;36:*.mid=00;36:*.midi=00;36:*.mka=00;36:*.mp3=00;36:*.mpc=00;36:*.ogg=00;36:*.ra=00;36:*.wav=00;36:*.oga=00;36:*.opus=00;36:*.spx=00;36:*.xspf=00;36:'), ('VSCODE_GIT_IPC_HANDLE', '/tmp/user/0/vscode-git-9e7d89b4f8.sock'), ('TERM_PROGRAM', 'vscode'), ('SSH_AUTH_SOCK', '/tmp/vscode-ssh-auth-b5ed3e29-fff0-480b-8f00-91ff535d85f5.sock'), ('ROS_DOMAIN_ID', '0'), ('AMENT_PREFIX_PATH', '/root/ros2_ws/src/ROMI-ROS2/install/romi_base:/opt/ros/humble'), ('SHELL', '/bin/bash'), ('VSCODE_GIT_ASKPASS_EXTRA_ARGS', ''), ('GIT_PAGER', 'cat'), ('PWD', '/root/ros2_ws/src/ROMI-ROS2/build/rplidar_ros'), ('GIT_MERGE_AUTOEDIT', 'no'), ('LC_ALL', 'C.UTF-8'), ('PYTHONPATH', '/root/ros2_ws/src/ROMI-ROS2/install/romi_base/lib/python3.10/site-packages:/opt/ros/humble/lib/python3.10/site-packages:/opt/ros/humble/local/lib/python3.10/dist-packages'), ('COLCON', '1'), ('CMAKE_PREFIX_PATH', '/root/ros2_ws/src/ROMI-ROS2/install/romi_base:/opt/ros/humble')]), 'shell': False}
[0.079839] (rplidar_ros) StdoutLine: {'line': b'-- The C compiler identification is GNU 11.4.0\n'}
[0.099885] (-) TimerEvent: {}
[0.129207] (rplidar_ros) StdoutLine: {'line': b'-- The CXX compiler identification is GNU 11.4.0\n'}
[0.134765] (rplidar_ros) StdoutLine: {'line': b'-- Detecting C compiler ABI info\n'}
[0.179572] (rplidar_ros) StdoutLine: {'line': b'-- Detecting C compiler ABI info - done\n'}
[0.182900] (rplidar_ros) StdoutLine: {'line': b'-- Check for working C compiler: /usr/bin/cc - skipped\n'}
[0.183349] (rplidar_ros) StdoutLine: {'line': b'-- Detecting C compile features\n'}
[0.184036] (rplidar_ros) StdoutLine: {'line': b'-- Detecting C compile features - done\n'}
[0.187029] (rplidar_ros) StdoutLine: {'line': b'-- Detecting CXX compiler ABI info\n'}
[0.199995] (-) TimerEvent: {}
[0.236810] (rplidar_ros) StdoutLine: {'line': b'-- Detecting CXX compiler ABI info - done\n'}
[0.243422] (rplidar_ros) StdoutLine: {'line': b'-- Check for working CXX compiler: /usr/bin/c++ - skipped\n'}
[0.243738] (rplidar_ros) StdoutLine: {'line': b'-- Detecting CXX compile features\n'}
[0.244245] (rplidar_ros) StdoutLine: {'line': b'-- Detecting CXX compile features - done\n'}
[0.249674] (rplidar_ros) StdoutLine: {'line': b'-- Found ament_cmake: 1.3.14 (/opt/ros/humble/share/ament_cmake/cmake)\n'}
[0.300093] (-) TimerEvent: {}
[0.340415] (rplidar_ros) StdoutLine: {'line': b'-- Found Python3: /usr/bin/python3 (found version "3.10.12") found components: Interpreter \n'}
[0.379307] (rplidar_ros) StdoutLine: {'line': b'-- Override CMake install command with custom implementation using symlinks instead of copying resources\n'}
[0.400213] (-) TimerEvent: {}
[0.400915] (rplidar_ros) StdoutLine: {'line': b'-- Found rclcpp: 16.0.19 (/opt/ros/humble/share/rclcpp/cmake)\n'}
[0.432369] (rplidar_ros) StdoutLine: {'line': b'-- Found rosidl_generator_c: 3.1.8 (/opt/ros/humble/share/rosidl_generator_c/cmake)\n'}
[0.438391] (rplidar_ros) StdoutLine: {'line': b'-- Found rosidl_adapter: 3.1.8 (/opt/ros/humble/share/rosidl_adapter/cmake)\n'}
[0.449643] (rplidar_ros) StdoutLine: {'line': b'-- Found rosidl_generator_cpp: 3.1.8 (/opt/ros/humble/share/rosidl_generator_cpp/cmake)\n'}
[0.462916] (rplidar_ros) StdoutLine: {'line': b'-- Using all available rosidl_typesupport_c: rosidl_typesupport_fastrtps_c;rosidl_typesupport_introspection_c\n'}
[0.473419] (rplidar_ros) StdoutLine: {'line': b'-- Using all available rosidl_typesupport_cpp: rosidl_typesupport_fastrtps_cpp;rosidl_typesupport_introspection_cpp\n'}
[0.500316] (-) TimerEvent: {}
[0.502031] (rplidar_ros) StdoutLine: {'line': b'-- Found rmw_implementation_cmake: 6.1.2 (/opt/ros/humble/share/rmw_implementation_cmake/cmake)\n'}
[0.503951] (rplidar_ros) StdoutLine: {'line': b'-- Found rmw_fastrtps_cpp: 6.2.10 (/opt/ros/humble/share/rmw_fastrtps_cpp/cmake)\n'}
[0.559642] (rplidar_ros) StdoutLine: {'line': b'-- Found OpenSSL: /usr/lib/x86_64-linux-gnu/libcrypto.so (found version "3.0.2")  \n'}
[0.578347] (rplidar_ros) StdoutLine: {'line': b'-- Found FastRTPS: /opt/ros/humble/include  \n'}
[0.600444] (-) TimerEvent: {}
[0.605622] (rplidar_ros) StdoutLine: {'line': b"-- Using RMW implementation 'rmw_fastrtps_cpp' as default\n"}
[0.611859] (rplidar_ros) StdoutLine: {'line': b'-- Looking for pthread.h\n'}
[0.660381] (rplidar_ros) StdoutLine: {'line': b'-- Looking for pthread.h - found\n'}
[0.660627] (rplidar_ros) StdoutLine: {'line': b'-- Performing Test CMAKE_HAVE_LIBC_PTHREAD\n'}
[0.700497] (-) TimerEvent: {}
[0.707835] (rplidar_ros) StdoutLine: {'line': b'-- Performing Test CMAKE_HAVE_LIBC_PTHREAD - Success\n'}
[0.708552] (rplidar_ros) StdoutLine: {'line': b'-- Found Threads: TRUE  \n'}
[0.746659] (rplidar_ros) StdoutLine: {'line': b'-- Found sensor_msgs: 4.9.1 (/opt/ros/humble/share/sensor_msgs/cmake)\n'}
[0.767604] (rplidar_ros) StdoutLine: {'line': b'-- Found std_srvs: 4.9.1 (/opt/ros/humble/share/std_srvs/cmake)\n'}
[0.800588] (-) TimerEvent: {}
[0.812932] (rplidar_ros) StdoutLine: {'line': b'-- Configuring done\n'}
[0.823533] (rplidar_ros) StdoutLine: {'line': b'-- Generating done\n'}
[0.826569] (rplidar_ros) StdoutLine: {'line': b'-- Build files have been written to: /root/ros2_ws/src/ROMI-ROS2/build/rplidar_ros\n'}
[0.834334] (rplidar_ros) CommandEnded: {'returncode': 0}
[0.834774] (rplidar_ros) JobProgress: {'identifier': 'rplidar_ros', 'progress': 'build'}
[0.835164] (rplidar_ros) Command: {'cmd': ['/usr/bin/cmake', '--build', '/root/ros2_ws/src/ROMI-ROS2/build/rplidar_ros', '--', '-j12', '-l12'], 'cwd': '/root/ros2_ws/src/ROMI-ROS2/build/rplidar_ros', 'env': OrderedDict([('GIT_EDITOR', ':'), ('HOSTNAME', 'shue-thinkpad'), ('GIT_ASKPASS', '/vscode/vscode-server/bin/linux-x64/f6cfa2ea2403534de03f069bdf160d06451ed282/extensions/git/dist/askpass.sh'), ('SHLVL', '2'), ('LD_LIBRARY_PATH', '/opt/ros/humble/opt/rviz_ogre_vendor/lib:/opt/ros/humble/lib/x86_64-linux-gnu:/opt/ros/humble/lib'), ('COPILOT_AGENT', '1'), ('BROWSER', '/vscode/vscode-server/bin/linux-x64/f6cfa2ea2403534de03f069bdf160d06451ed282/bin/helpers/browser.sh'), ('HOME', '/root'), ('TERM_PROGRAM_VERSION', '1.121.0'), ('VSCODE_IPC_HOOK_CLI', '/tmp/vscode-ipc-e116993e-fba6-44a8-92a7-ac3186c03027.sock'), ('ROS_PYTHON_VERSION', '3'), ('VSCODE_GIT_ASKPASS_MAIN', '/vscode/vscode-server/bin/linux-x64/f6cfa2ea2403534de03f069bdf160d06451ed282/extensions/git/dist/askpass-main.js'), ('VSCODE_GIT_ASKPASS_NODE', '/vscode/vscode-server/bin/linux-x64/f6cfa2ea2403534de03f069bdf160d06451ed282/node'), ('VSCODE_PYTHON_AUTOACTIVATE_GUARD', '1'), ('COLORTERM', 'truecolor'), ('REMOTE_CONTAINERS', 'true'), ('WAYLAND_DISPLAY', 'vscode-wayland-793b1ade-99ec-48bd-9370-7e1652edf79e.sock'), ('COLCON_PREFIX_PATH', '/root/ros2_ws/src/ROMI-ROS2/install'), ('ROS_DISTRO', 'humble'), ('REMOTE_CONTAINERS_IPC', '/tmp/vscode-remote-containers-ipc-b5ed3e29-fff0-480b-8f00-91ff535d85f5.sock'), ('_', '/usr/bin/colcon'), ('ROS_VERSION', '2'), ('TERM', 'xterm-256color'), ('ROS_LOCALHOST_ONLY', '0'), ('HISTCONTROL', 'ignorespace'), ('PATH', '/opt/ros/humble/bin:/root/.vscode-server/data/User/globalStorage/github.copilot-chat/debugCommand:/root/.vscode-server/data/User/globalStorage/github.copilot-chat/copilotCli:/vscode/vscode-server/bin/linux-x64/f6cfa2ea2403534de03f069bdf160d06451ed282/bin/remote-cli:/usr/local/sbin:/usr/local/bin:/usr/sbin:/usr/bin:/sbin:/bin'), ('XDG_RUNTIME_DIR', '/tmp/user/0'), ('REMOTE_CONTAINERS_SOCKETS', '["/tmp/vscode-ssh-auth-b5ed3e29-fff0-480b-8f00-91ff535d85f5.sock","/root/.gnupg/S.gpg-agent"]'), ('DISPLAY', ':0'), ('LANG', 'C.UTF-8'), ('XAUTHORITY', '/tmp/.Xauthority'), ('LS_COLORS', 'rs=0:di=01;34:ln=01;36:mh=00:pi=40;33:so=01;35:do=01;35:bd=40;33;01:cd=40;33;01:or=40;31;01:mi=00:su=37;41:sg=30;43:ca=30;41:tw=30;42:ow=34;42:st=37;44:ex=01;32:*.tar=01;31:*.tgz=01;31:*.arc=01;31:*.arj=01;31:*.taz=01;31:*.lha=01;31:*.lz4=01;31:*.lzh=01;31:*.lzma=01;31:*.tlz=01;31:*.txz=01;31:*.tzo=01;31:*.t7z=01;31:*.zip=01;31:*.z=01;31:*.dz=01;31:*.gz=01;31:*.lrz=01;31:*.lz=01;31:*.lzo=01;31:*.xz=01;31:*.zst=01;31:*.tzst=01;31:*.bz2=01;31:*.bz=01;31:*.tbz=01;31:*.tbz2=01;31:*.tz=01;31:*.deb=01;31:*.rpm=01;31:*.jar=01;31:*.war=01;31:*.ear=01;31:*.sar=01;31:*.rar=01;31:*.alz=01;31:*.ace=01;31:*.zoo=01;31:*.cpio=01;31:*.7z=01;31:*.rz=01;31:*.cab=01;31:*.wim=01;31:*.swm=01;31:*.dwm=01;31:*.esd=01;31:*.jpg=01;35:*.jpeg=01;35:*.mjpg=01;35:*.mjpeg=01;35:*.gif=01;35:*.bmp=01;35:*.pbm=01;35:*.pgm=01;35:*.ppm=01;35:*.tga=01;35:*.xbm=01;35:*.xpm=01;35:*.tif=01;35:*.tiff=01;35:*.png=01;35:*.svg=01;35:*.svgz=01;35:*.mng=01;35:*.pcx=01;35:*.mov=01;35:*.mpg=01;35:*.mpeg=01;35:*.m2v=01;35:*.mkv=01;35:*.webm=01;35:*.webp=01;35:*.ogm=01;35:*.mp4=01;35:*.m4v=01;35:*.mp4v=01;35:*.vob=01;35:*.qt=01;35:*.nuv=01;35:*.wmv=01;35:*.asf=01;35:*.rm=01;35:*.rmvb=01;35:*.flc=01;35:*.avi=01;35:*.fli=01;35:*.flv=01;35:*.gl=01;35:*.dl=01;35:*.xcf=01;35:*.xwd=01;35:*.yuv=01;35:*.cgm=01;35:*.emf=01;35:*.ogv=01;35:*.ogx=01;35:*.aac=00;36:*.au=00;36:*.flac=00;36:*.m4a=00;36:*.mid=00;36:*.midi=00;36:*.mka=00;36:*.mp3=00;36:*.mpc=00;36:*.ogg=00;36:*.ra=00;36:*.wav=00;36:*.oga=00;36:*.opus=00;36:*.spx=00;36:*.xspf=00;36:'), ('VSCODE_GIT_IPC_HANDLE', '/tmp/user/0/vscode-git-9e7d89b4f8.sock'), ('TERM_PROGRAM', 'vscode'), ('SSH_AUTH_SOCK', '/tmp/vscode-ssh-auth-b5ed3e29-fff0-480b-8f00-91ff535d85f5.sock'), ('ROS_DOMAIN_ID', '0'), ('AMENT_PREFIX_PATH', '/root/ros2_ws/src/ROMI-ROS2/install/romi_base:/opt/ros/humble'), ('SHELL', '/bin/bash'), ('VSCODE_GIT_ASKPASS_EXTRA_ARGS', ''), ('GIT_PAGER', 'cat'), ('PWD', '/root/ros2_ws/src/ROMI-ROS2/build/rplidar_ros'), ('GIT_MERGE_AUTOEDIT', 'no'), ('LC_ALL', 'C.UTF-8'), ('PYTHONPATH', '/root/ros2_ws/src/ROMI-ROS2/install/romi_base/lib/python3.10/site-packages:/opt/ros/humble/lib/python3.10/site-packages:/opt/ros/humble/local/lib/python3.10/dist-packages'), ('COLCON', '1'), ('CMAKE_PREFIX_PATH', '/root/ros2_ws/src/ROMI-ROS2/install/romi_base:/opt/ros/humble')]), 'shell': False}
[0.871685] (rplidar_ros) StdoutLine: {'line': b'[ 10%] \x1b[32mBuilding CXX object CMakeFiles/rplidar_client.dir/src/rplidar_client.cpp.o\x1b[0m\n'}
[0.872232] (rplidar_ros) StdoutLine: {'line': b'[ 10%] \x1b[32mBuilding CXX object CMakeFiles/rplidar_node.dir/sdk/src/arch/linux/timer.cpp.o\x1b[0m\n'}
[0.872323] (rplidar_ros) StdoutLine: {'line': b'[ 10%] \x1b[32mBuilding CXX object CMakeFiles/rplidar_node.dir/sdk/src/arch/linux/net_serial.cpp.o\x1b[0m\n'}
[0.872376] (rplidar_ros) StdoutLine: {'line': b'[ 10%] \x1b[32mBuilding CXX object CMakeFiles/rplidar_composition.dir/src/rplidar_node.cpp.o\x1b[0m\n'}
[0.872419] (rplidar_ros) StdoutLine: {'line': b'[ 13%] \x1b[32mBuilding CXX object CMakeFiles/rplidar_composition.dir/sdk/src/arch/linux/net_serial.cpp.o\x1b[0m\n'}
[0.872768] (rplidar_ros) StdoutLine: {'line': b'[ 15%] \x1b[32mBuilding CXX object CMakeFiles/rplidar_node.dir/src/rplidar_node.cpp.o\x1b[0m\n'}
[0.873210] (rplidar_ros) StdoutLine: {'line': b'[ 18%] \x1b[32mBuilding CXX object CMakeFiles/rplidar_composition.dir/sdk/src/arch/linux/timer.cpp.o\x1b[0m\n'}
[0.874144] (rplidar_ros) StdoutLine: {'line': b'[ 21%] \x1b[32mBuilding CXX object CMakeFiles/rplidar_node.dir/sdk/src/arch/linux/net_socket.cpp.o\x1b[0m\n'}
[0.874369] (rplidar_ros) StdoutLine: {'line': b'[ 26%] \x1b[32mBuilding CXX object CMakeFiles/rplidar_node.dir/sdk/src/dataunpacker/dataunpacker.cpp.o\x1b[0m\n'}
[0.874488] (rplidar_ros) StdoutLine: {'line': b'[ 26%] \x1b[32mBuilding CXX object CMakeFiles/rplidar_composition.dir/sdk/src/arch/linux/net_socket.cpp.o\x1b[0m\n'}
[0.875003] (rplidar_ros) StdoutLine: {'line': b'[ 28%] \x1b[32mBuilding CXX object CMakeFiles/rplidar_node.dir/sdk/src/dataunpacker/unpacker/handler_capsules.cpp.o\x1b[0m\n'}
[0.875107] (rplidar_ros) StdoutLine: {'line': b'[ 31%] \x1b[32mBuilding CXX object CMakeFiles/rplidar_composition.dir/sdk/src/dataunpacker/dataunpacker.cpp.o\x1b[0m\n'}
[0.900721] (-) TimerEvent: {}
[1.002933] (-) TimerEvent: {}
[1.103356] (-) TimerEvent: {}
[1.202496] (rplidar_ros) StderrLine: {'line': b'In file included from \x1b[01m\x1b[K/root/ros2_ws/src/ROMI-ROS2/rplidar_ros/sdk/include/rplidar_protocol.h:36\x1b[m\x1b[K,\n'}
[1.202860] (rplidar_ros) StderrLine: {'line': b'                 from \x1b[01m\x1b[K/root/ros2_ws/src/ROMI-ROS2/rplidar_ros/sdk/include/rplidar.h:39\x1b[m\x1b[K,\n'}
[1.203001] (rplidar_ros) StderrLine: {'line': b'                 from \x1b[01m\x1b[K/root/ros2_ws/src/ROMI-ROS2/rplidar_ros/sdk/src/sdkcommon.h:49\x1b[m\x1b[K,\n'}
[1.203077] (rplidar_ros) StderrLine: {'line': b'                 from \x1b[01m\x1b[K/root/ros2_ws/src/ROMI-ROS2/rplidar_ros/sdk/src/dataunpacker/dataunnpacker_commondef.h:41\x1b[m\x1b[K,\n'}
[1.203154] (rplidar_ros) StderrLine: {'line': b'                 from \x1b[01m\x1b[K/root/ros2_ws/src/ROMI-ROS2/rplidar_ros/sdk/src/dataunpacker/dataunpacker.cpp:39\x1b[m\x1b[K:\n'}
[1.203216] (rplidar_ros) StderrLine: {'line': b'\x1b[01m\x1b[K/root/ros2_ws/src/ROMI-ROS2/rplidar_ros/sdk/include/sl_lidar_protocol.h:66:16:\x1b[m\x1b[K \x1b[01;35m\x1b[Kwarning: \x1b[m\x1b[KISO C++ forbids zero-size array \xe2\x80\x98\x1b[01m\x1b[Kdata\x1b[m\x1b[K\xe2\x80\x99 [\x1b[01;35m\x1b[K\x1b]8;;https://gcc.gnu.org/onlinedocs/gcc/Warning-Options.html#index-Wpedantic\x07-Wpedantic\x1b]8;;\x07\x1b[m\x1b[K]\n'}
[1.203292] (rplidar_ros) StderrLine: {'line': b'   66 |     sl_u8 data[\x1b[01;35m\x1b[K0\x1b[m\x1b[K];\n'}
[1.203351] (-) TimerEvent: {}
[1.203636] (rplidar_ros) StderrLine: {'line': b'      |                \x1b[01;35m\x1b[K^\x1b[m\x1b[K\n'}
[1.203845] (rplidar_ros) StderrLine: {'line': b'In file included from \x1b[01m\x1b[K/root/ros2_ws/src/ROMI-ROS2/rplidar_ros/sdk/include/rplidar_cmd.h:36\x1b[m\x1b[K,\n'}
[1.204055] (rplidar_ros) StderrLine: {'line': b'                 from \x1b[01m\x1b[K/root/ros2_ws/src/ROMI-ROS2/rplidar_ros/sdk/include/rplidar.h:40\x1b[m\x1b[K,\n'}
[1.204189] (rplidar_ros) StderrLine: {'line': b'                 from \x1b[01m\x1b[K/root/ros2_ws/src/ROMI-ROS2/rplidar_ros/sdk/src/sdkcommon.h:49\x1b[m\x1b[K,\n'}
[1.204300] (rplidar_ros) StderrLine: {'line': b'                 from \x1b[01m\x1b[K/root/ros2_ws/src/ROMI-ROS2/rplidar_ros/sdk/src/dataunpacker/dataunnpacker_commondef.h:41\x1b[m\x1b[K,\n'}
[1.204407] (rplidar_ros) StderrLine: {'line': b'                 from \x1b[01m\x1b[K/root/ros2_ws/src/ROMI-ROS2/rplidar_ros/sdk/src/dataunpacker/dataunpacker.cpp:39\x1b[m\x1b[K:\n'}
[1.204573] (rplidar_ros) StderrLine: {'line': b'\x1b[01m\x1b[K/root/ros2_ws/src/ROMI-ROS2/rplidar_ros/sdk/include/sl_lidar_cmd.h:324:20:\x1b[m\x1b[K \x1b[01;35m\x1b[Kwarning: \x1b[m\x1b[KISO C++ forbids zero-size array \xe2\x80\x98\x1b[01m\x1b[Kpayload\x1b[m\x1b[K\xe2\x80\x99 [\x1b[01;35m\x1b[K\x1b]8;;https://gcc.gnu.org/onlinedocs/gcc/Warning-Options.html#index-Wpedantic\x07-Wpedantic\x1b]8;;\x07\x1b[m\x1b[K]\n'}
[1.204684] (rplidar_ros) StderrLine: {'line': b'  324 |     sl_u8  payload[\x1b[01;35m\x1b[K0\x1b[m\x1b[K];\n'}
[1.204776] (rplidar_ros) StderrLine: {'line': b'      |                    \x1b[01;35m\x1b[K^\x1b[m\x1b[K\n'}
[1.217366] (rplidar_ros) StderrLine: {'line': b'In file included from \x1b[01m\x1b[K/root/ros2_ws/src/ROMI-ROS2/rplidar_ros/sdk/include/rplidar_protocol.h:36\x1b[m\x1b[K,\n'}
[1.217771] (rplidar_ros) StderrLine: {'line': b'                 from \x1b[01m\x1b[K/root/ros2_ws/src/ROMI-ROS2/rplidar_ros/sdk/include/rplidar.h:39\x1b[m\x1b[K,\n'}
[1.217929] (rplidar_ros) StderrLine: {'line': b'                 from \x1b[01m\x1b[K/root/ros2_ws/src/ROMI-ROS2/rplidar_ros/sdk/src/sdkcommon.h:49\x1b[m\x1b[K,\n'}
[1.219005] (rplidar_ros) StderrLine: {'line': b'                 from \x1b[01m\x1b[K/root/ros2_ws/src/ROMI-ROS2/rplidar_ros/sdk/src/arch/linux/net_socket.cpp:10\x1b[m\x1b[K:\n'}
[1.219119] (rplidar_ros) StderrLine: {'line': b'\x1b[01m\x1b[K/root/ros2_ws/src/ROMI-ROS2/rplidar_ros/sdk/include/sl_lidar_protocol.h:66:16:\x1b[m\x1b[K \x1b[01;35m\x1b[Kwarning: \x1b[m\x1b[KISO C++ forbids zero-size array \xe2\x80\x98\x1b[01m\x1b[Kdata\x1b[m\x1b[K\xe2\x80\x99 [\x1b[01;35m\x1b[K\x1b]8;;https://gcc.gnu.org/onlinedocs/gcc/Warning-Options.html#index-Wpedantic\x07-Wpedantic\x1b]8;;\x07\x1b[m\x1b[K]\n'}
[1.219195] (rplidar_ros) StderrLine: {'line': b'   66 |     sl_u8 data[\x1b[01;35m\x1b[K0\x1b[m\x1b[K];\n'}
[1.219256] (rplidar_ros) StderrLine: {'line': b'      |                \x1b[01;35m\x1b[K^\x1b[m\x1b[K\n'}
[1.219317] (rplidar_ros) StderrLine: {'line': b'In file included from \x1b[01m\x1b[K/root/ros2_ws/src/ROMI-ROS2/rplidar_ros/sdk/include/rplidar_cmd.h:36\x1b[m\x1b[K,\n'}
[1.219381] (rplidar_ros) StderrLine: {'line': b'                 from \x1b[01m\x1b[K/root/ros2_ws/src/ROMI-ROS2/rplidar_ros/sdk/include/rplidar.h:40\x1b[m\x1b[K,\n'}
[1.219462] (rplidar_ros) StderrLine: {'line': b'                 from \x1b[01m\x1b[K/root/ros2_ws/src/ROMI-ROS2/rplidar_ros/sdk/src/sdkcommon.h:49\x1b[m\x1b[K,\n'}
[1.219520] (rplidar_ros) StderrLine: {'line': b'                 from \x1b[01m\x1b[K/root/ros2_ws/src/ROMI-ROS2/rplidar_ros/sdk/src/arch/linux/net_socket.cpp:10\x1b[m\x1b[K:\n'}
[1.219578] (rplidar_ros) StderrLine: {'line': b'\x1b[01m\x1b[K/root/ros2_ws/src/ROMI-ROS2/rplidar_ros/sdk/include/sl_lidar_cmd.h:324:20:\x1b[m\x1b[K \x1b[01;35m\x1b[Kwarning: \x1b[m\x1b[KISO C++ forbids zero-size array \xe2\x80\x98\x1b[01m\x1b[Kpayload\x1b[m\x1b[K\xe2\x80\x99 [\x1b[01;35m\x1b[K\x1b]8;;https://gcc.gnu.org/onlinedocs/gcc/Warning-Options.html#index-Wpedantic\x07-Wpedantic\x1b]8;;\x07\x1b[m\x1b[K]\n'}
[1.219646] (rplidar_ros) StderrLine: {'line': b'  324 |     sl_u8  payload[\x1b[01;35m\x1b[K0\x1b[m\x1b[K];\n'}
[1.219702] (rplidar_ros) StderrLine: {'line': b'      |                    \x1b[01;35m\x1b[K^\x1b[m\x1b[K\n'}
[1.219759] (rplidar_ros) StdoutLine: {'line': b'[ 34%] \x1b[32mBuilding CXX object CMakeFiles/rplidar_node.dir/sdk/src/dataunpacker/unpacker/handler_hqnode.cpp.o\x1b[0m\n'}
[1.219842] (rplidar_ros) StderrLine: {'line': b'In file included from \x1b[01m\x1b[K/root/ros2_ws/src/ROMI-ROS2/rplidar_ros/sdk/include/rplidar_protocol.h:36\x1b[m\x1b[K,\n'}
[1.219900] (rplidar_ros) StderrLine: {'line': b'                 from \x1b[01m\x1b[K/root/ros2_ws/src/ROMI-ROS2/rplidar_ros/sdk/include/rplidar.h:39\x1b[m\x1b[K,\n'}
[1.219957] (rplidar_ros) StderrLine: {'line': b'                 from \x1b[01m\x1b[K/root/ros2_ws/src/ROMI-ROS2/rplidar_ros/sdk/src/sdkcommon.h:49\x1b[m\x1b[K,\n'}
[1.220017] (rplidar_ros) StderrLine: {'line': b'                 from \x1b[01m\x1b[K/root/ros2_ws/src/ROMI-ROS2/rplidar_ros/sdk/src/dataunpacker/unpacker/../dataunnpacker_commondef.h:41\x1b[m\x1b[K,\n'}
[1.220075] (rplidar_ros) StderrLine: {'line': b'                 from \x1b[01m\x1b[K/root/ros2_ws/src/ROMI-ROS2/rplidar_ros/sdk/src/dataunpacker/unpacker/handler_capsules.cpp:39\x1b[m\x1b[K:\n'}
[1.220130] (rplidar_ros) StderrLine: {'line': b'\x1b[01m\x1b[K/root/ros2_ws/src/ROMI-ROS2/rplidar_ros/sdk/include/sl_lidar_protocol.h:66:16:\x1b[m\x1b[K \x1b[01;35m\x1b[Kwarning: \x1b[m\x1b[KISO C++ forbids zero-size array \xe2\x80\x98\x1b[01m\x1b[Kdata\x1b[m\x1b[K\xe2\x80\x99 [\x1b[01;35m\x1b[K\x1b]8;;https://gcc.gnu.org/onlinedocs/gcc/Warning-Options.html#index-Wpedantic\x07-Wpedantic\x1b]8;;\x07\x1b[m\x1b[K]\n'}
[1.220198] (rplidar_ros) StderrLine: {'line': b'   66 |     sl_u8 data[\x1b[01;35m\x1b[K0\x1b[m\x1b[K];\n'}
[1.220253] (rplidar_ros) StderrLine: {'line': b'      |                \x1b[01;35m\x1b[K^\x1b[m\x1b[K\n'}
[1.220305] (rplidar_ros) StderrLine: {'line': b'In file included from \x1b[01m\x1b[K/root/ros2_ws/src/ROMI-ROS2/rplidar_ros/sdk/include/rplidar_cmd.h:36\x1b[m\x1b[K,\n'}
[1.220361] (rplidar_ros) StderrLine: {'line': b'                 from \x1b[01m\x1b[K/root/ros2_ws/src/ROMI-ROS2/rplidar_ros/sdk/include/rplidar.h:40\x1b[m\x1b[K,\n'}
[1.220411] (rplidar_ros) StderrLine: {'line': b'                 from \x1b[01m\x1b[K/root/ros2_ws/src/ROMI-ROS2/rplidar_ros/sdk/src/sdkcommon.h:49\x1b[m\x1b[K,\n'}
[1.220467] (rplidar_ros) StderrLine: {'line': b'                 from \x1b[01m\x1b[K/root/ros2_ws/src/ROMI-ROS2/rplidar_ros/sdk/src/dataunpacker/unpacker/../dataunnpacker_commondef.h:41\x1b[m\x1b[K,\n'}
[1.220524] (rplidar_ros) StderrLine: {'line': b'                 from \x1b[01m\x1b[K/root/ros2_ws/src/ROMI-ROS2/rplidar_ros/sdk/src/dataunpacker/unpacker/handler_capsules.cpp:39\x1b[m\x1b[K:\n'}
[1.220574] (rplidar_ros) StderrLine: {'line': b'\x1b[01m\x1b[K/root/ros2_ws/src/ROMI-ROS2/rplidar_ros/sdk/include/sl_lidar_cmd.h:324:20:\x1b[m\x1b[K \x1b[01;35m\x1b[Kwarning: \x1b[m\x1b[KISO C++ forbids zero-size array \xe2\x80\x98\x1b[01m\x1b[Kpayload\x1b[m\x1b[K\xe2\x80\x99 [\x1b[01;35m\x1b[K\x1b]8;;https://gcc.gnu.org/onlinedocs/gcc/Warning-Options.html#index-Wpedantic\x07-Wpedantic\x1b]8;;\x07\x1b[m\x1b[K]\n'}
[1.220627] (rplidar_ros) StderrLine: {'line': b'  324 |     sl_u8  payload[\x1b[01;35m\x1b[K0\x1b[m\x1b[K];\n'}
[1.220680] (rplidar_ros) StderrLine: {'line': b'      |                    \x1b[01;35m\x1b[K^\x1b[m\x1b[K\n'}
[1.233512] (rplidar_ros) StderrLine: {'line': b'In file included from \x1b[01m\x1b[K/root/ros2_ws/src/ROMI-ROS2/rplidar_ros/sdk/include/rplidar_protocol.h:36\x1b[m\x1b[K,\n'}
[1.233853] (rplidar_ros) StderrLine: {'line': b'                 from \x1b[01m\x1b[K/root/ros2_ws/src/ROMI-ROS2/rplidar_ros/sdk/include/rplidar.h:39\x1b[m\x1b[K,\n'}
[1.233999] (rplidar_ros) StderrLine: {'line': b'                 from \x1b[01m\x1b[K/root/ros2_ws/src/ROMI-ROS2/rplidar_ros/sdk/src/sdkcommon.h:49\x1b[m\x1b[K,\n'}
[1.234072] (rplidar_ros) StderrLine: {'line': b'                 from \x1b[01m\x1b[K/root/ros2_ws/src/ROMI-ROS2/rplidar_ros/sdk/src/arch/linux/net_socket.cpp:10\x1b[m\x1b[K:\n'}
[1.234133] (rplidar_ros) StderrLine: {'line': b'\x1b[01m\x1b[K/root/ros2_ws/src/ROMI-ROS2/rplidar_ros/sdk/include/sl_lidar_protocol.h:66:16:\x1b[m\x1b[K \x1b[01;35m\x1b[Kwarning: \x1b[m\x1b[KISO C++ forbids zero-size array \xe2\x80\x98\x1b[01m\x1b[Kdata\x1b[m\x1b[K\xe2\x80\x99 [\x1b[01;35m\x1b[K\x1b]8;;https://gcc.gnu.org/onlinedocs/gcc/Warning-Options.html#index-Wpedantic\x07-Wpedantic\x1b]8;;\x07\x1b[m\x1b[K]\n'}
[1.234197] (rplidar_ros) StderrLine: {'line': b'   66 |     sl_u8 data[\x1b[01;35m\x1b[K0\x1b[m\x1b[K];\n'}
[1.234256] (rplidar_ros) StderrLine: {'line': b'      |                \x1b[01;35m\x1b[K^\x1b[m\x1b[K\n'}
[1.234311] (rplidar_ros) StderrLine: {'line': b'In file included from \x1b[01m\x1b[K/root/ros2_ws/src/ROMI-ROS2/rplidar_ros/sdk/include/rplidar_cmd.h:36\x1b[m\x1b[K,\n'}
[1.234365] (rplidar_ros) StderrLine: {'line': b'                 from \x1b[01m\x1b[K/root/ros2_ws/src/ROMI-ROS2/rplidar_ros/sdk/include/rplidar.h:40\x1b[m\x1b[K,\n'}
[1.234416] (rplidar_ros) StderrLine: {'line': b'                 from \x1b[01m\x1b[K/root/ros2_ws/src/ROMI-ROS2/rplidar_ros/sdk/src/sdkcommon.h:49\x1b[m\x1b[K,\n'}
[1.234481] (rplidar_ros) StderrLine: {'line': b'                 from \x1b[01m\x1b[K/root/ros2_ws/src/ROMI-ROS2/rplidar_ros/sdk/src/arch/linux/net_socket.cpp:10\x1b[m\x1b[K:\n'}
[1.234536] (rplidar_ros) StderrLine: {'line': b'\x1b[01m\x1b[K/root/ros2_ws/src/ROMI-ROS2/rplidar_ros/sdk/include/sl_lidar_cmd.h:324:20:\x1b[m\x1b[K \x1b[01;35m\x1b[Kwarning: \x1b[m\x1b[KISO C++ forbids zero-size array \xe2\x80\x98\x1b[01m\x1b[Kpayload\x1b[m\x1b[K\xe2\x80\x99 [\x1b[01;35m\x1b[K\x1b]8;;https://gcc.gnu.org/onlinedocs/gcc/Warning-Options.html#index-Wpedantic\x07-Wpedantic\x1b]8;;\x07\x1b[m\x1b[K]\n'}
[1.234591] (rplidar_ros) StderrLine: {'line': b'  324 |     sl_u8  payload[\x1b[01;35m\x1b[K0\x1b[m\x1b[K];\n'}
[1.234637] (rplidar_ros) StderrLine: {'line': b'      |                    \x1b[01;35m\x1b[K^\x1b[m\x1b[K\n'}
[1.259146] (rplidar_ros) StderrLine: {'line': b'In file included from \x1b[01m\x1b[K/root/ros2_ws/src/ROMI-ROS2/rplidar_ros/sdk/src/arch/linux/arch_linux.h:42\x1b[m\x1b[K,\n'}
[1.259473] (rplidar_ros) StderrLine: {'line': b'                 from \x1b[01m\x1b[K/root/ros2_ws/src/ROMI-ROS2/rplidar_ros/sdk/src/sdkcommon.h:41\x1b[m\x1b[K,\n'}
[1.259628] (rplidar_ros) StderrLine: {'line': b'                 from \x1b[01m\x1b[K/root/ros2_ws/src/ROMI-ROS2/rplidar_ros/sdk/src/arch/linux/net_socket.cpp:10\x1b[m\x1b[K:\n'}
[1.259698] (rplidar_ros) StderrLine: {'line': b'\x1b[01m\x1b[K/root/ros2_ws/src/ROMI-ROS2/rplidar_ros/sdk/src/arch/linux/net_socket.cpp:\x1b[m\x1b[K In member function \xe2\x80\x98\x1b[01m\x1b[Kvirtual u_result rp::arch::net::DGramSocketImpl::sendTo(const rp::net::SocketAddress*, const void*, size_t)\x1b[m\x1b[K\xe2\x80\x99:\n'}
[1.259748] (rplidar_ros) StderrLine: {'line': b'\x1b[01m\x1b[K/root/ros2_ws/src/ROMI-ROS2/rplidar_ros/sdk/src/arch/linux/net_socket.cpp:733:24:\x1b[m\x1b[K \x1b[01;35m\x1b[Kwarning: \x1b[m\x1b[Kcomparison of integer expressions of different signedness: \xe2\x80\x98\x1b[01m\x1b[Kint\x1b[m\x1b[K\xe2\x80\x99 and \xe2\x80\x98\x1b[01m\x1b[Ksize_t\x1b[m\x1b[K\xe2\x80\x99 {aka \xe2\x80\x98\x1b[01m\x1b[Klong unsigned int\x1b[m\x1b[K\xe2\x80\x99} [\x1b[01;35m\x1b[K\x1b]8;;https://gcc.gnu.org/onlinedocs/gcc/Warning-Options.html#index-Wsign-compare\x07-Wsign-compare\x1b]8;;\x07\x1b[m\x1b[K]\n'}
[1.259826] (rplidar_ros) StderrLine: {'line': b'  733 |             assert(\x1b[01;35m\x1b[Kans == len\x1b[m\x1b[K);\n'}
[1.259870] (rplidar_ros) StderrLine: {'line': b'      |                    \x1b[01;35m\x1b[K~~~~^~~~~~\x1b[m\x1b[K\n'}
[1.274817] (rplidar_ros) StderrLine: {'line': b'In file included from \x1b[01m\x1b[K/root/ros2_ws/src/ROMI-ROS2/rplidar_ros/sdk/src/arch/linux/arch_linux.h:42\x1b[m\x1b[K,\n'}
[1.275066] (rplidar_ros) StderrLine: {'line': b'                 from \x1b[01m\x1b[K/root/ros2_ws/src/ROMI-ROS2/rplidar_ros/sdk/src/sdkcommon.h:41\x1b[m\x1b[K,\n'}
[1.275128] (rplidar_ros) StderrLine: {'line': b'                 from \x1b[01m\x1b[K/root/ros2_ws/src/ROMI-ROS2/rplidar_ros/sdk/src/arch/linux/net_socket.cpp:10\x1b[m\x1b[K:\n'}
[1.275167] (rplidar_ros) StderrLine: {'line': b'\x1b[01m\x1b[K/root/ros2_ws/src/ROMI-ROS2/rplidar_ros/sdk/src/arch/linux/net_socket.cpp:\x1b[m\x1b[K In member function \xe2\x80\x98\x1b[01m\x1b[Kvirtual u_result rp::arch::net::DGramSocketImpl::sendTo(const rp::net::SocketAddress*, const void*, size_t)\x1b[m\x1b[K\xe2\x80\x99:\n'}
[1.275210] (rplidar_ros) StderrLine: {'line': b'\x1b[01m\x1b[K/root/ros2_ws/src/ROMI-ROS2/rplidar_ros/sdk/src/arch/linux/net_socket.cpp:733:24:\x1b[m\x1b[K \x1b[01;35m\x1b[Kwarning: \x1b[m\x1b[Kcomparison of integer expressions of different signedness: \xe2\x80\x98\x1b[01m\x1b[Kint\x1b[m\x1b[K\xe2\x80\x99 and \xe2\x80\x98\x1b[01m\x1b[Ksize_t\x1b[m\x1b[K\xe2\x80\x99 {aka \xe2\x80\x98\x1b[01m\x1b[Klong unsigned int\x1b[m\x1b[K\xe2\x80\x99} [\x1b[01;35m\x1b[K\x1b]8;;https://gcc.gnu.org/onlinedocs/gcc/Warning-Options.html#index-Wsign-compare\x07-Wsign-compare\x1b]8;;\x07\x1b[m\x1b[K]\n'}
[1.275256] (rplidar_ros) StderrLine: {'line': b'  733 |             assert(\x1b[01;35m\x1b[Kans == len\x1b[m\x1b[K);\n'}
[1.275295] (rplidar_ros) StderrLine: {'line': b'      |                    \x1b[01;35m\x1b[K~~~~^~~~~~\x1b[m\x1b[K\n'}
[1.303517] (-) TimerEvent: {}
[1.342804] (rplidar_ros) StderrLine: {'line': b'In file included from \x1b[01m\x1b[K/root/ros2_ws/src/ROMI-ROS2/rplidar_ros/sdk/src/dataunpacker/dataunpacker.cpp:40\x1b[m\x1b[K:\n'}
[1.343228] (rplidar_ros) StderrLine: {'line': b'\x1b[01m\x1b[K/root/ros2_ws/src/ROMI-ROS2/rplidar_ros/sdk/src/dataunpacker/dataunpacker.h:\x1b[m\x1b[K In member function \xe2\x80\x98\x1b[01m\x1b[Kvirtual void sl::internal::LIDARSampleDataListener::onCustomSampleDataDecoded(_u8, _u32, const void*, size_t)\x1b[m\x1b[K\xe2\x80\x99:\n'}
[1.343399] (rplidar_ros) StderrLine: {'line': b'\x1b[01m\x1b[K/root/ros2_ws/src/ROMI-ROS2/rplidar_ros/sdk/src/dataunpacker/dataunpacker.h:54:52:\x1b[m\x1b[K \x1b[01;35m\x1b[Kwarning: \x1b[m\x1b[Kunused parameter \xe2\x80\x98\x1b[01m\x1b[KansType\x1b[m\x1b[K\xe2\x80\x99 [\x1b[01;35m\x1b[K\x1b]8;;https://gcc.gnu.org/onlinedocs/gcc/Warning-Options.html#index-Wunused-parameter\x07-Wunused-parameter\x1b]8;;\x07\x1b[m\x1b[K]\n'}
[1.343591] (rplidar_ros) StderrLine: {'line': b'   54 |         virtual void onCustomSampleDataDecoded(\x1b[01;35m\x1b[K_u8 ansType\x1b[m\x1b[K, _u32 customCode, const void* data, size_t size) {}\n'}
[1.343699] (rplidar_ros) StderrLine: {'line': b'      |                                                \x1b[01;35m\x1b[K~~~~^~~~~~~\x1b[m\x1b[K\n'}
[1.343776] (rplidar_ros) StderrLine: {'line': b'\x1b[01m\x1b[K/root/ros2_ws/src/ROMI-ROS2/rplidar_ros/sdk/src/dataunpacker/dataunpacker.h:54:66:\x1b[m\x1b[K \x1b[01;35m\x1b[Kwarning: \x1b[m\x1b[Kunused parameter \xe2\x80\x98\x1b[01m\x1b[KcustomCode\x1b[m\x1b[K\xe2\x80\x99 [\x1b[01;35m\x1b[K\x1b]8;;https://gcc.gnu.org/onlinedocs/gcc/Warning-Options.html#index-Wunused-parameter\x07-Wunused-parameter\x1b]8;;\x07\x1b[m\x1b[K]\n'}
[1.344076] (rplidar_ros) StderrLine: {'line': b'   54 |         virtual void onCustomSampleDataDecoded(_u8 ansType, \x1b[01;35m\x1b[K_u32 customCode\x1b[m\x1b[K, const void* data, size_t size) {}\n'}
[1.344175] (rplidar_ros) StderrLine: {'line': b'      |                                                             \x1b[01;35m\x1b[K~~~~~^~~~~~~~~~\x1b[m\x1b[K\n'}
[1.344249] (rplidar_ros) StderrLine: {'line': b'\x1b[01m\x1b[K/root/ros2_ws/src/ROMI-ROS2/rplidar_ros/sdk/src/dataunpacker/dataunpacker.h:54:90:\x1b[m\x1b[K \x1b[01;35m\x1b[Kwarning: \x1b[m\x1b[Kunused parameter \xe2\x80\x98\x1b[01m\x1b[Kdata\x1b[m\x1b[K\xe2\x80\x99 [\x1b[01;35m\x1b[K\x1b]8;;https://gcc.gnu.org/onlinedocs/gcc/Warning-Options.html#index-Wunused-parameter\x07-Wunused-parameter\x1b]8;;\x07\x1b[m\x1b[K]\n'}
[1.344312] (rplidar_ros) StderrLine: {'line': b'   54 |         virtual void onCustomSampleDataDecoded(_u8 ansType, _u32 customCode, \x1b[01;35m\x1b[Kconst void* data\x1b[m\x1b[K, size_t size) {}\n'}
[1.344377] (rplidar_ros) StderrLine: {'line': b'      |                                                                              \x1b[01;35m\x1b[K~~~~~~~~~~~~^~~~\x1b[m\x1b[K\n'}
[1.344440] (rplidar_ros) StderrLine: {'line': b'\x1b[01m\x1b[K/root/ros2_ws/src/ROMI-ROS2/rplidar_ros/sdk/src/dataunpacker/dataunpacker.h:54:103:\x1b[m\x1b[K \x1b[01;35m\x1b[Kwarning: \x1b[m\x1b[Kunused parameter \xe2\x80\x98\x1b[01m\x1b[Ksize\x1b[m\x1b[K\xe2\x80\x99 [\x1b[01;35m\x1b[K\x1b]8;;https://gcc.gnu.org/onlinedocs/gcc/Warning-Options.html#index-Wunused-parameter\x07-Wunused-parameter\x1b]8;;\x07\x1b[m\x1b[K]\n'}
[1.344502] (rplidar_ros) StderrLine: {'line': b'   54 |         virtual void onCustomSampleDataDecoded(_u8 ansType, _u32 customCode, const void* data, \x1b[01;35m\x1b[Ksize_t size\x1b[m\x1b[K) {}\n'}
[1.344557] (rplidar_ros) StderrLine: {'line': b'      |                                                                                                \x1b[01;35m\x1b[K~~~~~~~^~~~\x1b[m\x1b[K\n'}
[1.344613] (rplidar_ros) StderrLine: {'line': b'\x1b[01m\x1b[K/root/ros2_ws/src/ROMI-ROS2/rplidar_ros/sdk/src/dataunpacker/dataunpacker.h:\x1b[m\x1b[K In member function \xe2\x80\x98\x1b[01m\x1b[Kvirtual void sl::internal::LIDARSampleDataListener::onDecodingError(int, _u8, const void*, size_t)\x1b[m\x1b[K\xe2\x80\x99:\n'}
[1.344665] (rplidar_ros) StderrLine: {'line': b'\x1b[01m\x1b[K/root/ros2_ws/src/ROMI-ROS2/rplidar_ros/sdk/src/dataunpacker/dataunpacker.h:56:42:\x1b[m\x1b[K \x1b[01;35m\x1b[Kwarning: \x1b[m\x1b[Kunused parameter \xe2\x80\x98\x1b[01m\x1b[KerrMsg\x1b[m\x1b[K\xe2\x80\x99 [\x1b[01;35m\x1b[K\x1b]8;;https://gcc.gnu.org/onlinedocs/gcc/Warning-Options.html#index-Wunused-parameter\x07-Wunused-parameter\x1b]8;;\x07\x1b[m\x1b[K]\n'}
[1.344721] (rplidar_ros) StderrLine: {'line': b'   56 |         virtual void onDecodingError(\x1b[01;35m\x1b[Kint errMsg\x1b[m\x1b[K, _u8 ansType, const void* payload, size_t size) {}\n'}
[1.344780] (rplidar_ros) StderrLine: {'line': b'      |                                      \x1b[01;35m\x1b[K~~~~^~~~~~\x1b[m\x1b[K\n'}
[1.344832] (rplidar_ros) StderrLine: {'line': b'\x1b[01m\x1b[K/root/ros2_ws/src/ROMI-ROS2/rplidar_ros/sdk/src/dataunpacker/dataunpacker.h:56:54:\x1b[m\x1b[K \x1b[01;35m\x1b[Kwarning: \x1b[m\x1b[Kunused parameter \xe2\x80\x98\x1b[01m\x1b[KansType\x1b[m\x1b[K\xe2\x80\x99 [\x1b[01;35m\x1b[K\x1b]8;;https://gcc.gnu.org/onlinedocs/gcc/Warning-Options.html#index-Wunused-parameter\x07-Wunused-parameter\x1b]8;;\x07\x1b[m\x1b[K]\n'}
[1.344893] (rplidar_ros) StderrLine: {'line': b'   56 |         virtual void onDecodingError(int errMsg, \x1b[01;35m\x1b[K_u8 ansType\x1b[m\x1b[K, const void* payload, size_t size) {}\n'}
[1.344949] (rplidar_ros) StderrLine: {'line': b'      |                                                  \x1b[01;35m\x1b[K~~~~^~~~~~~\x1b[m\x1b[K\n'}
[1.345005] (rplidar_ros) StderrLine: {'line': b'\x1b[01m\x1b[K/root/ros2_ws/src/ROMI-ROS2/rplidar_ros/sdk/src/dataunpacker/dataunpacker.h:56:75:\x1b[m\x1b[K \x1b[01;35m\x1b[Kwarning: \x1b[m\x1b[Kunused parameter \xe2\x80\x98\x1b[01m\x1b[Kpayload\x1b[m\x1b[K\xe2\x80\x99 [\x1b[01;35m\x1b[K\x1b]8;;https://gcc.gnu.org/onlinedocs/gcc/Warning-Options.html#index-Wunused-parameter\x07-Wunused-parameter\x1b]8;;\x07\x1b[m\x1b[K]\n'}
[1.345066] (rplidar_ros) StderrLine: {'line': b'   56 |         virtual void onDecodingError(int errMsg, _u8 ansType, \x1b[01;35m\x1b[Kconst void* payload\x1b[m\x1b[K, size_t size) {}\n'}
[1.345119] (rplidar_ros) StderrLine: {'line': b'      |                                                               \x1b[01;35m\x1b[K~~~~~~~~~~~~^~~~~~~\x1b[m\x1b[K\n'}
[1.345252] (rplidar_ros) StderrLine: {'line': b'\x1b[01m\x1b[K/root/ros2_ws/src/ROMI-ROS2/rplidar_ros/sdk/src/dataunpacker/dataunpacker.h:56:91:\x1b[m\x1b[K \x1b[01;35m\x1b[Kwarning: \x1b[m\x1b[Kunused parameter \xe2\x80\x98\x1b[01m\x1b[Ksize\x1b[m\x1b[K\xe2\x80\x99 [\x1b[01;35m\x1b[K\x1b]8;;https://gcc.gnu.org/onlinedocs/gcc/Warning-Options.html#index-Wunused-parameter\x07-Wunused-parameter\x1b]8;;\x07\x1b[m\x1b[K]\n'}
[1.345322] (rplidar_ros) StderrLine: {'line': b'   56 |         virtual void onDecodingError(int errMsg, _u8 ansType, const void* payload, \x1b[01;35m\x1b[Ksize_t size\x1b[m\x1b[K) {}\n'}
[1.345371] (rplidar_ros) StderrLine: {'line': b'      |                                                                                    \x1b[01;35m\x1b[K~~~~~~~^~~~\x1b[m\x1b[K\n'}
[1.359354] (rplidar_ros) StderrLine: {'line': b'In file included from \x1b[01m\x1b[K/root/ros2_ws/src/ROMI-ROS2/rplidar_ros/sdk/include/rplidar_protocol.h:36\x1b[m\x1b[K,\n'}
[1.359832] (rplidar_ros) StderrLine: {'line': b'                 from \x1b[01m\x1b[K/root/ros2_ws/src/ROMI-ROS2/rplidar_ros/sdk/include/rplidar.h:39\x1b[m\x1b[K,\n'}
[1.360750] (rplidar_ros) StderrLine: {'line': b'                 from \x1b[01m\x1b[K/root/ros2_ws/src/ROMI-ROS2/rplidar_ros/sdk/src/sdkcommon.h:49\x1b[m\x1b[K,\n'}
[1.361551] (rplidar_ros) StderrLine: {'line': b'                 from \x1b[01m\x1b[K/root/ros2_ws/src/ROMI-ROS2/rplidar_ros/sdk/src/dataunpacker/dataunnpacker_commondef.h:41\x1b[m\x1b[K,\n'}
[1.363629] (rplidar_ros) StderrLine: {'line': b'                 from \x1b[01m\x1b[K/root/ros2_ws/src/ROMI-ROS2/rplidar_ros/sdk/src/dataunpacker/dataunpacker.cpp:39\x1b[m\x1b[K:\n'}
[1.363757] (rplidar_ros) StderrLine: {'line': b'\x1b[01m\x1b[K/root/ros2_ws/src/ROMI-ROS2/rplidar_ros/sdk/include/sl_lidar_protocol.h:66:16:\x1b[m\x1b[K \x1b[01;35m\x1b[Kwarning: \x1b[m\x1b[KISO C++ forbids zero-size array \xe2\x80\x98\x1b[01m\x1b[Kdata\x1b[m\x1b[K\xe2\x80\x99 [\x1b[01;35m\x1b[K\x1b]8;;https://gcc.gnu.org/onlinedocs/gcc/Warning-Options.html#index-Wpedantic\x07-Wpedantic\x1b]8;;\x07\x1b[m\x1b[K]\n'}
[1.363833] (rplidar_ros) StderrLine: {'line': b'   66 |     sl_u8 data[\x1b[01;35m\x1b[K0\x1b[m\x1b[K];\n'}
[1.363886] (rplidar_ros) StderrLine: {'line': b'      |                \x1b[01;35m\x1b[K^\x1b[m\x1b[K\n'}
[1.363934] (rplidar_ros) StderrLine: {'line': b'In file included from \x1b[01m\x1b[K/root/ros2_ws/src/ROMI-ROS2/rplidar_ros/sdk/include/rplidar_cmd.h:36\x1b[m\x1b[K,\n'}
[1.363981] (rplidar_ros) StderrLine: {'line': b'                 from \x1b[01m\x1b[K/root/ros2_ws/src/ROMI-ROS2/rplidar_ros/sdk/include/rplidar.h:40\x1b[m\x1b[K,\n'}
[1.364028] (rplidar_ros) StderrLine: {'line': b'                 from \x1b[01m\x1b[K/root/ros2_ws/src/ROMI-ROS2/rplidar_ros/sdk/src/sdkcommon.h:49\x1b[m\x1b[K,\n'}
[1.364072] (rplidar_ros) StderrLine: {'line': b'                 from \x1b[01m\x1b[K/root/ros2_ws/src/ROMI-ROS2/rplidar_ros/sdk/src/dataunpacker/dataunnpacker_commondef.h:41\x1b[m\x1b[K,\n'}
[1.364117] (rplidar_ros) StderrLine: {'line': b'                 from \x1b[01m\x1b[K/root/ros2_ws/src/ROMI-ROS2/rplidar_ros/sdk/src/dataunpacker/dataunpacker.cpp:39\x1b[m\x1b[K:\n'}
[1.364165] (rplidar_ros) StderrLine: {'line': b'\x1b[01m\x1b[K/root/ros2_ws/src/ROMI-ROS2/rplidar_ros/sdk/include/sl_lidar_cmd.h:324:20:\x1b[m\x1b[K \x1b[01;35m\x1b[Kwarning: \x1b[m\x1b[KISO C++ forbids zero-size array \xe2\x80\x98\x1b[01m\x1b[Kpayload\x1b[m\x1b[K\xe2\x80\x99 [\x1b[01;35m\x1b[K\x1b]8;;https://gcc.gnu.org/onlinedocs/gcc/Warning-Options.html#index-Wpedantic\x07-Wpedantic\x1b]8;;\x07\x1b[m\x1b[K]\n'}
[1.364218] (rplidar_ros) StderrLine: {'line': b'  324 |     sl_u8  payload[\x1b[01;35m\x1b[K0\x1b[m\x1b[K];\n'}
[1.364261] (rplidar_ros) StderrLine: {'line': b'      |                    \x1b[01;35m\x1b[K^\x1b[m\x1b[K\n'}
[1.364310] (rplidar_ros) StdoutLine: {'line': b'[ 36%] \x1b[32mBuilding CXX object CMakeFiles/rplidar_node.dir/sdk/src/dataunpacker/unpacker/handler_normalnode.cpp.o\x1b[0m\n'}
[1.368114] (rplidar_ros) StderrLine: {'line': b'\x1b[01m\x1b[K/root/ros2_ws/src/ROMI-ROS2/rplidar_ros/sdk/src/arch/linux/net_serial.cpp:\x1b[m\x1b[K In member function \xe2\x80\x98\x1b[01m\x1b[Kbool rp::arch::net::raw_serial::open(const char*, uint32_t, uint32_t)\x1b[m\x1b[K\xe2\x80\x99:\n'}
[1.368554] (rplidar_ros) StderrLine: {'line': b'\x1b[01m\x1b[K/root/ros2_ws/src/ROMI-ROS2/rplidar_ros/sdk/src/arch/linux/net_serial.cpp:97:74:\x1b[m\x1b[K \x1b[01;35m\x1b[Kwarning: \x1b[m\x1b[Kunused parameter \xe2\x80\x98\x1b[01m\x1b[Kflags\x1b[m\x1b[K\xe2\x80\x99 [\x1b[01;35m\x1b[K\x1b]8;;https://gcc.gnu.org/onlinedocs/gcc/Warning-Options.html#index-Wunused-parameter\x07-Wunused-parameter\x1b]8;;\x07\x1b[m\x1b[K]\n'}
[1.368668] (rplidar_ros) StderrLine: {'line': b'   97 | bool raw_serial::open(const char * portname, uint32_t baudrate, \x1b[01;35m\x1b[Kuint32_t flags\x1b[m\x1b[K)\n'}
[1.368732] (rplidar_ros) StderrLine: {'line': b'      |                                                                 \x1b[01;35m\x1b[K~~~~~~~~~^~~~~\x1b[m\x1b[K\n'}
[1.368780] (rplidar_ros) StderrLine: {'line': b'\x1b[01m\x1b[K/root/ros2_ws/src/ROMI-ROS2/rplidar_ros/sdk/src/arch/linux/net_serial.cpp:\x1b[m\x1b[K In member function \xe2\x80\x98\x1b[01m\x1b[Kvirtual void rp::arch::net::raw_serial::flush(_u32)\x1b[m\x1b[K\xe2\x80\x99:\n'}
[1.368836] (rplidar_ros) StderrLine: {'line': b'\x1b[01m\x1b[K/root/ros2_ws/src/ROMI-ROS2/rplidar_ros/sdk/src/arch/linux/net_serial.cpp:281:30:\x1b[m\x1b[K \x1b[01;35m\x1b[Kwarning: \x1b[m\x1b[Kunused parameter \xe2\x80\x98\x1b[01m\x1b[Kflags\x1b[m\x1b[K\xe2\x80\x99 [\x1b[01;35m\x1b[K\x1b]8;;https://gcc.gnu.org/onlinedocs/gcc/Warning-Options.html#index-Wunused-parameter\x07-Wunused-parameter\x1b]8;;\x07\x1b[m\x1b[K]\n'}
[1.368894] (rplidar_ros) StderrLine: {'line': b'  281 | void raw_serial::flush( \x1b[01;35m\x1b[K_u32 flags\x1b[m\x1b[K)\n'}
[1.368942] (rplidar_ros) StderrLine: {'line': b'      |                         \x1b[01;35m\x1b[K~~~~~^~~~~\x1b[m\x1b[K\n'}
[1.368988] (rplidar_ros) StderrLine: {'line': b'\x1b[01m\x1b[K/root/ros2_ws/src/ROMI-ROS2/rplidar_ros/sdk/src/arch/linux/net_serial.cpp:\x1b[m\x1b[K In member function \xe2\x80\x98\x1b[01m\x1b[Kvirtual int rp::arch::net::raw_serial::waitforsent(_u32, size_t*)\x1b[m\x1b[K\xe2\x80\x99:\n'}
[1.369037] (rplidar_ros) StderrLine: {'line': b'\x1b[01m\x1b[K/root/ros2_ws/src/ROMI-ROS2/rplidar_ros/sdk/src/arch/linux/net_serial.cpp:286:34:\x1b[m\x1b[K \x1b[01;35m\x1b[Kwarning: \x1b[m\x1b[Kunused parameter \xe2\x80\x98\x1b[01m\x1b[Ktimeout\x1b[m\x1b[K\xe2\x80\x99 [\x1b[01;35m\x1b[K\x1b]8;;https://gcc.gnu.org/onlinedocs/gcc/Warning-Options.html#index-Wunused-parameter\x07-Wunused-parameter\x1b]8;;\x07\x1b[m\x1b[K]\n'}
[1.369087] (rplidar_ros) StderrLine: {'line': b'  286 | int raw_serial::waitforsent(\x1b[01;35m\x1b[K_u32 timeout\x1b[m\x1b[K, size_t * returned_size)\n'}
[1.369135] (rplidar_ros) StderrLine: {'line': b'      |                             \x1b[01;35m\x1b[K~~~~~^~~~~~~\x1b[m\x1b[K\n'}
[1.369182] (rplidar_ros) StderrLine: {'line': b'\x1b[01m\x1b[K/root/ros2_ws/src/ROMI-ROS2/rplidar_ros/sdk/src/arch/linux/net_serial.cpp:\x1b[m\x1b[K In member function \xe2\x80\x98\x1b[01m\x1b[Kvirtual int rp::arch::net::raw_serial::waitforrecv(_u32, size_t*)\x1b[m\x1b[K\xe2\x80\x99:\n'}
[1.369229] (rplidar_ros) StderrLine: {'line': b'\x1b[01m\x1b[K/root/ros2_ws/src/ROMI-ROS2/rplidar_ros/sdk/src/arch/linux/net_serial.cpp:292:34:\x1b[m\x1b[K \x1b[01;35m\x1b[Kwarning: \x1b[m\x1b[Kunused parameter \xe2\x80\x98\x1b[01m\x1b[Ktimeout\x1b[m\x1b[K\xe2\x80\x99 [\x1b[01;35m\x1b[K\x1b]8;;https://gcc.gnu.org/onlinedocs/gcc/Warning-Options.html#index-Wunused-parameter\x07-Wunused-parameter\x1b]8;;\x07\x1b[m\x1b[K]\n'}
[1.369276] (rplidar_ros) StderrLine: {'line': b'  292 | int raw_serial::waitforrecv(\x1b[01;35m\x1b[K_u32 timeout\x1b[m\x1b[K, size_t * returned_size)\n'}
[1.369320] (rplidar_ros) StderrLine: {'line': b'      |                             \x1b[01;35m\x1b[K~~~~~^~~~~~~\x1b[m\x1b[K\n'}
[1.369842] (rplidar_ros) StderrLine: {'line': b'\x1b[01m\x1b[K/root/ros2_ws/src/ROMI-ROS2/rplidar_ros/sdk/src/arch/linux/net_serial.cpp:\x1b[m\x1b[K In member function \xe2\x80\x98\x1b[01m\x1b[Kvirtual void rp::arch::net::raw_serial::cancelOperation()\x1b[m\x1b[K\xe2\x80\x99:\n'}
[1.369972] (rplidar_ros) StderrLine: {'line': b'\x1b[01m\x1b[K/root/ros2_ws/src/ROMI-ROS2/rplidar_ros/sdk/src/arch/linux/net_serial.cpp:427:5:\x1b[m\x1b[K \x1b[01;35m\x1b[Kwarning: \x1b[m\x1b[Kvalue computed is not used [\x1b[01;35m\x1b[K\x1b]8;;https://gcc.gnu.org/onlinedocs/gcc/Warning-Options.html#index-Wunused-value\x07-Wunused-value\x1b]8;;\x07\x1b[m\x1b[K]\n'}
[1.370022] (rplidar_ros) StderrLine: {'line': b'  427 |     \x1b[01;35m\x1b[K(int)::write(_selfpipe[1], "x", 1)\x1b[m\x1b[K;\n'}
[1.370068] (rplidar_ros) StderrLine: {'line': b'      |     \x1b[01;35m\x1b[K^~~~~~~~~~~~~~~~~~~~~~~~~~~~~~~~~~\x1b[m\x1b[K\n'}
[1.404529] (-) TimerEvent: {}
[1.415122] (rplidar_ros) StdoutLine: {'line': b'[ 39%] \x1b[32mBuilding CXX object CMakeFiles/rplidar_composition.dir/sdk/src/dataunpacker/unpacker/handler_capsules.cpp.o\x1b[0m\n'}
[1.440538] (rplidar_ros) StderrLine: {'line': b'\x1b[01m\x1b[K/root/ros2_ws/src/ROMI-ROS2/rplidar_ros/sdk/src/arch/linux/net_serial.cpp:\x1b[m\x1b[K In member function \xe2\x80\x98\x1b[01m\x1b[Kbool rp::arch::net::raw_serial::open(const char*, uint32_t, uint32_t)\x1b[m\x1b[K\xe2\x80\x99:\n'}
[1.441950] (rplidar_ros) StderrLine: {'line': b'\x1b[01m\x1b[K/root/ros2_ws/src/ROMI-ROS2/rplidar_ros/sdk/src/arch/linux/net_serial.cpp:97:74:\x1b[m\x1b[K \x1b[01;35m\x1b[Kwarning: \x1b[m\x1b[Kunused parameter \xe2\x80\x98\x1b[01m\x1b[Kflags\x1b[m\x1b[K\xe2\x80\x99 [\x1b[01;35m\x1b[K\x1b]8;;https://gcc.gnu.org/onlinedocs/gcc/Warning-Options.html#index-Wunused-parameter\x07-Wunused-parameter\x1b]8;;\x07\x1b[m\x1b[K]\n'}
[1.442108] (rplidar_ros) StderrLine: {'line': b'   97 | bool raw_serial::open(const char * portname, uint32_t baudrate, \x1b[01;35m\x1b[Kuint32_t flags\x1b[m\x1b[K)\n'}
[1.442199] (rplidar_ros) StderrLine: {'line': b'      |                                                                 \x1b[01;35m\x1b[K~~~~~~~~~^~~~~\x1b[m\x1b[K\n'}
[1.442255] (rplidar_ros) StderrLine: {'line': b'In file included from \x1b[01m\x1b[K/root/ros2_ws/src/ROMI-ROS2/rplidar_ros/sdk/src/dataunpacker/unpacker/handler_capsules.cpp:40\x1b[m\x1b[K:\n'}
[1.442308] (rplidar_ros) StderrLine: {'line': b'\x1b[01m\x1b[K/root/ros2_ws/src/ROMI-ROS2/rplidar_ros/sdk/src/dataunpacker/unpacker/../dataunpacker.h:\x1b[m\x1b[K In member function \xe2\x80\x98\x1b[01m\x1b[Kvirtual void sl::internal::LIDARSampleDataListener::onCustomSampleDataDecoded(_u8, _u32, const void*, size_t)\x1b[m\x1b[K\xe2\x80\x99:\n'}
[1.442364] (rplidar_ros) StderrLine: {'line': b'\x1b[01m\x1b[K/root/ros2_ws/src/ROMI-ROS2/rplidar_ros/sdk/src/dataunpacker/unpacker/../dataunpacker.h:54:52:\x1b[m\x1b[K \x1b[01;35m\x1b[Kwarning: \x1b[m\x1b[Kunused parameter \xe2\x80\x98\x1b[01m\x1b[KansType\x1b[m\x1b[K\xe2\x80\x99 [\x1b[01;35m\x1b[K\x1b]8;;https://gcc.gnu.org/onlinedocs/gcc/Warning-Options.html#index-Wunused-parameter\x07-Wunused-parameter\x1b]8;;\x07\x1b[m\x1b[K]\n'}
[1.442420] (rplidar_ros) StderrLine: {'line': b'   54 |         virtual void onCustomSampleDataDecoded(\x1b[01;35m\x1b[K_u8 ansType\x1b[m\x1b[K, _u32 customCode, const void* data, size_t size) {}\n'}
[1.442494] (rplidar_ros) StderrLine: {'line': b'      |                                                \x1b[01;35m\x1b[K~~~~^~~~~~~\x1b[m\x1b[K\n'}
[1.442545] (rplidar_ros) StderrLine: {'line': b'\x1b[01m\x1b[K/root/ros2_ws/src/ROMI-ROS2/rplidar_ros/sdk/src/dataunpacker/unpacker/../dataunpacker.h:54:66:\x1b[m\x1b[K \x1b[01;35m\x1b[Kwarning: \x1b[m\x1b[Kunused parameter \xe2\x80\x98\x1b[01m\x1b[KcustomCode\x1b[m\x1b[K\xe2\x80\x99 [\x1b[01;35m\x1b[K\x1b]8;;https://gcc.gnu.org/onlinedocs/gcc/Warning-Options.html#index-Wunused-parameter\x07-Wunused-parameter\x1b]8;;\x07\x1b[m\x1b[K]\n'}
[1.442602] (rplidar_ros) StderrLine: {'line': b'   54 |         virtual void onCustomSampleDataDecoded(_u8 ansType, \x1b[01;35m\x1b[K_u32 customCode\x1b[m\x1b[K, const void* data, size_t size) {}\n'}
[1.442652] (rplidar_ros) StderrLine: {'line': b'      |                                                             \x1b[01;35m\x1b[K~~~~~^~~~~~~~~~\x1b[m\x1b[K\n'}
[1.442697] (rplidar_ros) StderrLine: {'line': b'\x1b[01m\x1b[K/root/ros2_ws/src/ROMI-ROS2/rplidar_ros/sdk/src/dataunpacker/unpacker/../dataunpacker.h:54:90:\x1b[m\x1b[K \x1b[01;35m\x1b[Kwarning: \x1b[m\x1b[Kunused parameter \xe2\x80\x98\x1b[01m\x1b[Kdata\x1b[m\x1b[K\xe2\x80\x99 [\x1b[01;35m\x1b[K\x1b]8;;https://gcc.gnu.org/onlinedocs/gcc/Warning-Options.html#index-Wunused-parameter\x07-Wunused-parameter\x1b]8;;\x07\x1b[m\x1b[K]\n'}
[1.442740] (rplidar_ros) StderrLine: {'line': b'   54 |         virtual void onCustomSampleDataDecoded(_u8 ansType, _u32 customCode, \x1b[01;35m\x1b[Kconst void* data\x1b[m\x1b[K, size_t size) {}\n'}
[1.442784] (rplidar_ros) StderrLine: {'line': b'      |                                                                              \x1b[01;35m\x1b[K~~~~~~~~~~~~^~~~\x1b[m\x1b[K\n'}
[1.442826] (rplidar_ros) StderrLine: {'line': b'\x1b[01m\x1b[K/root/ros2_ws/src/ROMI-ROS2/rplidar_ros/sdk/src/dataunpacker/unpacker/../dataunpacker.h:54:103:\x1b[m\x1b[K \x1b[01;35m\x1b[Kwarning: \x1b[m\x1b[Kunused parameter \xe2\x80\x98\x1b[01m\x1b[Ksize\x1b[m\x1b[K\xe2\x80\x99 [\x1b[01;35m\x1b[K\x1b]8;;https://gcc.gnu.org/onlinedocs/gcc/Warning-Options.html#index-Wunused-parameter\x07-Wunused-parameter\x1b]8;;\x07\x1b[m\x1b[K]\n'}
[1.442869] (rplidar_ros) StderrLine: {'line': b'   54 |         virtual void onCustomSampleDataDecoded(_u8 ansType, _u32 customCode, const void* data, \x1b[01;35m\x1b[Ksize_t size\x1b[m\x1b[K) {}\n'}
[1.442909] (rplidar_ros) StderrLine: {'line': b'      |                                                                                                \x1b[01;35m\x1b[K~~~~~~~^~~~\x1b[m\x1b[K\n'}
[1.442952] (rplidar_ros) StderrLine: {'line': b'\x1b[01m\x1b[K/root/ros2_ws/src/ROMI-ROS2/rplidar_ros/sdk/src/dataunpacker/unpacker/../dataunpacker.h:\x1b[m\x1b[K In member function \xe2\x80\x98\x1b[01m\x1b[Kvirtual void sl::internal::LIDARSampleDataListener::onDecodingError(int, _u8, const void*, size_t)\x1b[m\x1b[K\xe2\x80\x99:\n'}
[1.442996] (rplidar_ros) StderrLine: {'line': b'\x1b[01m\x1b[K/root/ros2_ws/src/ROMI-ROS2/rplidar_ros/sdk/src/dataunpacker/unpacker/../dataunpacker.h:56:42:\x1b[m\x1b[K \x1b[01;35m\x1b[Kwarning: \x1b[m\x1b[Kunused parameter \xe2\x80\x98\x1b[01m\x1b[KerrMsg\x1b[m\x1b[K\xe2\x80\x99 [\x1b[01;35m\x1b[K\x1b]8;;https://gcc.gnu.org/onlinedocs/gcc/Warning-Options.html#index-Wunused-parameter\x07-Wunused-parameter\x1b]8;;\x07\x1b[m\x1b[K]\n'}
[1.443039] (rplidar_ros) StderrLine: {'line': b'   56 |         virtual void onDecodingError(\x1b[01;35m\x1b[Kint errMsg\x1b[m\x1b[K, _u8 ansType, const void* payload, size_t size) {}\n'}
[1.443078] (rplidar_ros) StderrLine: {'line': b'      |                                      \x1b[01;35m\x1b[K~~~~^~~~~~\x1b[m\x1b[K\n'}
[1.443117] (rplidar_ros) StderrLine: {'line': b'\x1b[01m\x1b[K/root/ros2_ws/src/ROMI-ROS2/rplidar_ros/sdk/src/dataunpacker/unpacker/../dataunpacker.h:56:54:\x1b[m\x1b[K \x1b[01;35m\x1b[Kwarning: \x1b[m\x1b[Kunused parameter \xe2\x80\x98\x1b[01m\x1b[KansType\x1b[m\x1b[K\xe2\x80\x99 [\x1b[01;35m\x1b[K\x1b]8;;https://gcc.gnu.org/onlinedocs/gcc/Warning-Options.html#index-Wunused-parameter\x07-Wunused-parameter\x1b]8;;\x07\x1b[m\x1b[K]\n'}
[1.443158] (rplidar_ros) StderrLine: {'line': b'   56 |         virtual void onDecodingError(int errMsg, \x1b[01;35m\x1b[K_u8 ansType\x1b[m\x1b[K, const void* payload, size_t size) {}\n'}
[1.443196] (rplidar_ros) StderrLine: {'line': b'      |                                                  \x1b[01;35m\x1b[K~~~~^~~~~~~\x1b[m\x1b[K\n'}
[1.443235] (rplidar_ros) StderrLine: {'line': b'\x1b[01m\x1b[K/root/ros2_ws/src/ROMI-ROS2/rplidar_ros/sdk/src/dataunpacker/unpacker/../dataunpacker.h:56:75:\x1b[m\x1b[K \x1b[01;35m\x1b[Kwarning: \x1b[m\x1b[Kunused parameter \xe2\x80\x98\x1b[01m\x1b[Kpayload\x1b[m\x1b[K\xe2\x80\x99 [\x1b[01;35m\x1b[K\x1b]8;;https://gcc.gnu.org/onlinedocs/gcc/Warning-Options.html#index-Wunused-parameter\x07-Wunused-parameter\x1b]8;;\x07\x1b[m\x1b[K]\n'}
[1.443283] (rplidar_ros) StderrLine: {'line': b'   56 |         virtual void onDecodingError(int errMsg, _u8 ansType, \x1b[01;35m\x1b[Kconst void* payload\x1b[m\x1b[K, size_t size) {}\n'}
[1.443323] (rplidar_ros) StderrLine: {'line': b'      |                                                               \x1b[01;35m\x1b[K~~~~~~~~~~~~^~~~~~~\x1b[m\x1b[K\n'}
[1.443363] (rplidar_ros) StderrLine: {'line': b'\x1b[01m\x1b[K/root/ros2_ws/src/ROMI-ROS2/rplidar_ros/sdk/src/dataunpacker/unpacker/../dataunpacker.h:56:91:\x1b[m\x1b[K \x1b[01;35m\x1b[Kwarning: \x1b[m\x1b[Kunused parameter \xe2\x80\x98\x1b[01m\x1b[Ksize\x1b[m\x1b[K\xe2\x80\x99 [\x1b[01;35m\x1b[K\x1b]8;;https://gcc.gnu.org/onlinedocs/gcc/Warning-Options.html#index-Wunused-parameter\x07-Wunused-parameter\x1b]8;;\x07\x1b[m\x1b[K]\n'}
[1.446133] (rplidar_ros) StderrLine: {'line': b'   56 |         virtual void onDecodingError(int errMsg, _u8 ansType, const void* payload, \x1b[01;35m\x1b[Ksize_t size\x1b[m\x1b[K) {}\n'}
[1.446308] (rplidar_ros) StderrLine: {'line': b'      |                                                                                    \x1b[01;35m\x1b[K~~~~~~~^~~~\x1b[m\x1b[K\n'}
[1.446407] (rplidar_ros) StderrLine: {'line': b'\x1b[01m\x1b[K/root/ros2_ws/src/ROMI-ROS2/rplidar_ros/sdk/src/arch/linux/net_serial.cpp:\x1b[m\x1b[K In member function \xe2\x80\x98\x1b[01m\x1b[Kvirtual void rp::arch::net::raw_serial::flush(_u32)\x1b[m\x1b[K\xe2\x80\x99:\n'}
[1.446493] (rplidar_ros) StderrLine: {'line': b'\x1b[01m\x1b[K/root/ros2_ws/src/ROMI-ROS2/rplidar_ros/sdk/src/arch/linux/net_serial.cpp:281:30:\x1b[m\x1b[K \x1b[01;35m\x1b[Kwarning: \x1b[m\x1b[Kunused parameter \xe2\x80\x98\x1b[01m\x1b[Kflags\x1b[m\x1b[K\xe2\x80\x99 [\x1b[01;35m\x1b[K\x1b]8;;https://gcc.gnu.org/onlinedocs/gcc/Warning-Options.html#index-Wunused-parameter\x07-Wunused-parameter\x1b]8;;\x07\x1b[m\x1b[K]\n'}
[1.446564] (rplidar_ros) StderrLine: {'line': b'  281 | void raw_serial::flush( \x1b[01;35m\x1b[K_u32 flags\x1b[m\x1b[K)\n'}
[1.446801] (rplidar_ros) StderrLine: {'line': b'      |                         \x1b[01;35m\x1b[K~~~~~^~~~~\x1b[m\x1b[K\n'}
[1.446939] (rplidar_ros) StderrLine: {'line': b'\x1b[01m\x1b[K/root/ros2_ws/src/ROMI-ROS2/rplidar_ros/sdk/src/arch/linux/net_serial.cpp:\x1b[m\x1b[K In member function \xe2\x80\x98\x1b[01m\x1b[Kvirtual int rp::arch::net::raw_serial::waitforsent(_u32, size_t*)\x1b[m\x1b[K\xe2\x80\x99:\n'}
[1.449495] (rplidar_ros) StderrLine: {'line': b'\x1b[01m\x1b[K/root/ros2_ws/src/ROMI-ROS2/rplidar_ros/sdk/src/arch/linux/net_serial.cpp:286:34:\x1b[m\x1b[K \x1b[01;35m\x1b[Kwarning: \x1b[m\x1b[Kunused parameter \xe2\x80\x98\x1b[01m\x1b[Ktimeout\x1b[m\x1b[K\xe2\x80\x99 [\x1b[01;35m\x1b[K\x1b]8;;https://gcc.gnu.org/onlinedocs/gcc/Warning-Options.html#index-Wunused-parameter\x07-Wunused-parameter\x1b]8;;\x07\x1b[m\x1b[K]\n'}
[1.449617] (rplidar_ros) StderrLine: {'line': b'  286 | int raw_serial::waitforsent(\x1b[01;35m\x1b[K_u32 timeout\x1b[m\x1b[K, size_t * returned_size)\n'}
[1.449675] (rplidar_ros) StderrLine: {'line': b'      |                             \x1b[01;35m\x1b[K~~~~~^~~~~~~\x1b[m\x1b[K\n'}
[1.449724] (rplidar_ros) StderrLine: {'line': b'\x1b[01m\x1b[K/root/ros2_ws/src/ROMI-ROS2/rplidar_ros/sdk/src/arch/linux/net_serial.cpp:\x1b[m\x1b[K In member function \xe2\x80\x98\x1b[01m\x1b[Kvirtual int rp::arch::net::raw_serial::waitforrecv(_u32, size_t*)\x1b[m\x1b[K\xe2\x80\x99:\n'}
[1.449774] (rplidar_ros) StderrLine: {'line': b'\x1b[01m\x1b[K/root/ros2_ws/src/ROMI-ROS2/rplidar_ros/sdk/src/arch/linux/net_serial.cpp:292:34:\x1b[m\x1b[K \x1b[01;35m\x1b[Kwarning: \x1b[m\x1b[Kunused parameter \xe2\x80\x98\x1b[01m\x1b[Ktimeout\x1b[m\x1b[K\xe2\x80\x99 [\x1b[01;35m\x1b[K\x1b]8;;https://gcc.gnu.org/onlinedocs/gcc/Warning-Options.html#index-Wunused-parameter\x07-Wunused-parameter\x1b]8;;\x07\x1b[m\x1b[K]\n'}
[1.449847] (rplidar_ros) StderrLine: {'line': b'  292 | int raw_serial::waitforrecv(\x1b[01;35m\x1b[K_u32 timeout\x1b[m\x1b[K, size_t * returned_size)\n'}
[1.449902] (rplidar_ros) StderrLine: {'line': b'      |                             \x1b[01;35m\x1b[K~~~~~^~~~~~~\x1b[m\x1b[K\n'}
[1.449952] (rplidar_ros) StderrLine: {'line': b'\x1b[01m\x1b[K/root/ros2_ws/src/ROMI-ROS2/rplidar_ros/sdk/src/arch/linux/net_serial.cpp:\x1b[m\x1b[K In member function \xe2\x80\x98\x1b[01m\x1b[Kvirtual void rp::arch::net::raw_serial::cancelOperation()\x1b[m\x1b[K\xe2\x80\x99:\n'}
[1.450007] (rplidar_ros) StderrLine: {'line': b'\x1b[01m\x1b[K/root/ros2_ws/src/ROMI-ROS2/rplidar_ros/sdk/src/arch/linux/net_serial.cpp:427:5:\x1b[m\x1b[K \x1b[01;35m\x1b[Kwarning: \x1b[m\x1b[Kvalue computed is not used [\x1b[01;35m\x1b[K\x1b]8;;https://gcc.gnu.org/onlinedocs/gcc/Warning-Options.html#index-Wunused-value\x07-Wunused-value\x1b]8;;\x07\x1b[m\x1b[K]\n'}
[1.450063] (rplidar_ros) StderrLine: {'line': b'  427 |     \x1b[01;35m\x1b[K(int)::write(_selfpipe[1], "x", 1)\x1b[m\x1b[K;\n'}
[1.450112] (rplidar_ros) StderrLine: {'line': b'      |     \x1b[01;35m\x1b[K^~~~~~~~~~~~~~~~~~~~~~~~~~~~~~~~~~\x1b[m\x1b[K\n'}
[1.459782] (rplidar_ros) StderrLine: {'line': b'\x1b[01m\x1b[K/root/ros2_ws/src/ROMI-ROS2/rplidar_ros/sdk/src/dataunpacker/unpacker/handler_capsules.cpp:\x1b[m\x1b[K In member function \xe2\x80\x98\x1b[01m\x1b[Kvoid sl::internal::unpacker::UnpackerHandler_DenseCapsuleNode::_onScanNodeDenseCapsuleData(rplidar_response_dense_capsule_measurement_nodes_t&, sl::internal::LIDARSampleDataUnpackerInner*)\x1b[m\x1b[K\xe2\x80\x99:\n'}
[1.460661] (rplidar_ros) StderrLine: {'line': b'\x1b[01m\x1b[K/root/ros2_ws/src/ROMI-ROS2/rplidar_ros/sdk/src/dataunpacker/unpacker/handler_capsules.cpp:763:30:\x1b[m\x1b[K \x1b[01;35m\x1b[Kwarning: \x1b[m\x1b[Ktype qualifiers ignored on cast result type [\x1b[01;35m\x1b[K\x1b]8;;https://gcc.gnu.org/onlinedocs/gcc/Warning-Options.html#index-Wignored-qualifiers\x07-Wignored-qualifiers\x1b]8;;\x07\x1b[m\x1b[K]\n'}
[1.463536] (rplidar_ros) StderrLine: {'line': b'  763 |             const int dist = \x1b[01;35m\x1b[Kstatic_cast<const int>(_cached_previous_dense_capsuledata.cabins[pos].distance)\x1b[m\x1b[K;\n'}
[1.463772] (rplidar_ros) StderrLine: {'line': b'      |                              \x1b[01;35m\x1b[K^~~~~~~~~~~~~~~~~~~~~~~~~~~~~~~~~~~~~~~~~~~~~~~~~~~~~~~~~~~~~~~~~~~~~~~~~~~~~~~\x1b[m\x1b[K\n'}
[1.463884] (rplidar_ros) StdoutLine: {'line': b'[ 42%] \x1b[32mBuilding CXX object CMakeFiles/rplidar_composition.dir/sdk/src/dataunpacker/unpacker/handler_hqnode.cpp.o\x1b[0m\n'}
[1.504672] (-) TimerEvent: {}
[1.507498] (rplidar_ros) StdoutLine: {'line': b'[ 44%] \x1b[32mBuilding CXX object CMakeFiles/rplidar_node.dir/sdk/src/hal/thread.cpp.o\x1b[0m\n'}
[1.561530] (rplidar_ros) StdoutLine: {'line': b'[ 47%] \x1b[32mBuilding CXX object CMakeFiles/rplidar_composition.dir/sdk/src/dataunpacker/unpacker/handler_normalnode.cpp.o\x1b[0m\n'}
[1.570694] (rplidar_ros) StdoutLine: {'line': b'[ 50%] \x1b[32mBuilding CXX object CMakeFiles/rplidar_node.dir/sdk/src/rplidar_driver.cpp.o\x1b[0m\n'}
[1.571285] (rplidar_ros) StderrLine: {'line': b'In file included from \x1b[01m\x1b[K/root/ros2_ws/src/ROMI-ROS2/rplidar_ros/sdk/src/dataunpacker/dataunpacker.cpp:40\x1b[m\x1b[K:\n'}
[1.572691] (rplidar_ros) StderrLine: {'line': b'\x1b[01m\x1b[K/root/ros2_ws/src/ROMI-ROS2/rplidar_ros/sdk/src/dataunpacker/dataunpacker.h:\x1b[m\x1b[K In member function \xe2\x80\x98\x1b[01m\x1b[Kvirtual void sl::internal::LIDARSampleDataListener::onCustomSampleDataDecoded(_u8, _u32, const void*, size_t)\x1b[m\x1b[K\xe2\x80\x99:\n'}
[1.572832] (rplidar_ros) StderrLine: {'line': b'\x1b[01m\x1b[K/root/ros2_ws/src/ROMI-ROS2/rplidar_ros/sdk/src/dataunpacker/dataunpacker.h:54:52:\x1b[m\x1b[K \x1b[01;35m\x1b[Kwarning: \x1b[m\x1b[Kunused parameter \xe2\x80\x98\x1b[01m\x1b[KansType\x1b[m\x1b[K\xe2\x80\x99 [\x1b[01;35m\x1b[K\x1b]8;;https://gcc.gnu.org/onlinedocs/gcc/Warning-Options.html#index-Wunused-parameter\x07-Wunused-parameter\x1b]8;;\x07\x1b[m\x1b[K]\n'}
[1.572920] (rplidar_ros) StderrLine: {'line': b'   54 |         virtual void onCustomSampleDataDecoded(\x1b[01;35m\x1b[K_u8 ansType\x1b[m\x1b[K, _u32 customCode, const void* data, size_t size) {}\n'}
[1.572974] (rplidar_ros) StderrLine: {'line': b'      |                                                \x1b[01;35m\x1b[K~~~~^~~~~~~\x1b[m\x1b[K\n'}
[1.573017] (rplidar_ros) StderrLine: {'line': b'\x1b[01m\x1b[K/root/ros2_ws/src/ROMI-ROS2/rplidar_ros/sdk/src/dataunpacker/dataunpacker.h:54:66:\x1b[m\x1b[K \x1b[01;35m\x1b[Kwarning: \x1b[m\x1b[Kunused parameter \xe2\x80\x98\x1b[01m\x1b[KcustomCode\x1b[m\x1b[K\xe2\x80\x99 [\x1b[01;35m\x1b[K\x1b]8;;https://gcc.gnu.org/onlinedocs/gcc/Warning-Options.html#index-Wunused-parameter\x07-Wunused-parameter\x1b]8;;\x07\x1b[m\x1b[K]\n'}
[1.573063] (rplidar_ros) StderrLine: {'line': b'   54 |         virtual void onCustomSampleDataDecoded(_u8 ansType, \x1b[01;35m\x1b[K_u32 customCode\x1b[m\x1b[K, const void* data, size_t size) {}\n'}
[1.573102] (rplidar_ros) StderrLine: {'line': b'      |                                                             \x1b[01;35m\x1b[K~~~~~^~~~~~~~~~\x1b[m\x1b[K\n'}
[1.573140] (rplidar_ros) StderrLine: {'line': b'\x1b[01m\x1b[K/root/ros2_ws/src/ROMI-ROS2/rplidar_ros/sdk/src/dataunpacker/dataunpacker.h:54:90:\x1b[m\x1b[K \x1b[01;35m\x1b[Kwarning: \x1b[m\x1b[Kunused parameter \xe2\x80\x98\x1b[01m\x1b[Kdata\x1b[m\x1b[K\xe2\x80\x99 [\x1b[01;35m\x1b[K\x1b]8;;https://gcc.gnu.org/onlinedocs/gcc/Warning-Options.html#index-Wunused-parameter\x07-Wunused-parameter\x1b]8;;\x07\x1b[m\x1b[K]\n'}
[1.573193] (rplidar_ros) StderrLine: {'line': b'   54 |         virtual void onCustomSampleDataDecoded(_u8 ansType, _u32 customCode, \x1b[01;35m\x1b[Kconst void* data\x1b[m\x1b[K, size_t size) {}\n'}
[1.573231] (rplidar_ros) StderrLine: {'line': b'      |                                                                              \x1b[01;35m\x1b[K~~~~~~~~~~~~^~~~\x1b[m\x1b[K\n'}
[1.573269] (rplidar_ros) StderrLine: {'line': b'\x1b[01m\x1b[K/root/ros2_ws/src/ROMI-ROS2/rplidar_ros/sdk/src/dataunpacker/dataunpacker.h:54:103:\x1b[m\x1b[K \x1b[01;35m\x1b[Kwarning: \x1b[m\x1b[Kunused parameter \xe2\x80\x98\x1b[01m\x1b[Ksize\x1b[m\x1b[K\xe2\x80\x99 [\x1b[01;35m\x1b[K\x1b]8;;https://gcc.gnu.org/onlinedocs/gcc/Warning-Options.html#index-Wunused-parameter\x07-Wunused-parameter\x1b]8;;\x07\x1b[m\x1b[K]\n'}
[1.573309] (rplidar_ros) StderrLine: {'line': b'   54 |         virtual void onCustomSampleDataDecoded(_u8 ansType, _u32 customCode, const void* data, \x1b[01;35m\x1b[Ksize_t size\x1b[m\x1b[K) {}\n'}
[1.573347] (rplidar_ros) StderrLine: {'line': b'      |                                                                                                \x1b[01;35m\x1b[K~~~~~~~^~~~\x1b[m\x1b[K\n'}
[1.573395] (rplidar_ros) StderrLine: {'line': b'\x1b[01m\x1b[K/root/ros2_ws/src/ROMI-ROS2/rplidar_ros/sdk/src/dataunpacker/dataunpacker.h:\x1b[m\x1b[K In member function \xe2\x80\x98\x1b[01m\x1b[Kvirtual void sl::internal::LIDARSampleDataListener::onDecodingError(int, _u8, const void*, size_t)\x1b[m\x1b[K\xe2\x80\x99:\n'}
[1.573440] (rplidar_ros) StderrLine: {'line': b'\x1b[01m\x1b[K/root/ros2_ws/src/ROMI-ROS2/rplidar_ros/sdk/src/dataunpacker/dataunpacker.h:56:42:\x1b[m\x1b[K \x1b[01;35m\x1b[Kwarning: \x1b[m\x1b[Kunused parameter \xe2\x80\x98\x1b[01m\x1b[KerrMsg\x1b[m\x1b[K\xe2\x80\x99 [\x1b[01;35m\x1b[K\x1b]8;;https://gcc.gnu.org/onlinedocs/gcc/Warning-Options.html#index-Wunused-parameter\x07-Wunused-parameter\x1b]8;;\x07\x1b[m\x1b[K]\n'}
[1.573480] (rplidar_ros) StderrLine: {'line': b'   56 |         virtual void onDecodingError(\x1b[01;35m\x1b[Kint errMsg\x1b[m\x1b[K, _u8 ansType, const void* payload, size_t size) {}\n'}
[1.573518] (rplidar_ros) StderrLine: {'line': b'      |                                      \x1b[01;35m\x1b[K~~~~^~~~~~\x1b[m\x1b[K\n'}
[1.574723] (rplidar_ros) StderrLine: {'line': b'\x1b[01m\x1b[K/root/ros2_ws/src/ROMI-ROS2/rplidar_ros/sdk/src/dataunpacker/dataunpacker.h:56:54:\x1b[m\x1b[K \x1b[01;35m\x1b[Kwarning: \x1b[m\x1b[Kunused parameter \xe2\x80\x98\x1b[01m\x1b[KansType\x1b[m\x1b[K\xe2\x80\x99 [\x1b[01;35m\x1b[K\x1b]8;;https://gcc.gnu.org/onlinedocs/gcc/Warning-Options.html#index-Wunused-parameter\x07-Wunused-parameter\x1b]8;;\x07\x1b[m\x1b[K]\n'}
[1.574878] (rplidar_ros) StderrLine: {'line': b'   56 |         virtual void onDecodingError(int errMsg, \x1b[01;35m\x1b[K_u8 ansType\x1b[m\x1b[K, const void* payload, size_t size) {}\n'}
[1.574941] (rplidar_ros) StderrLine: {'line': b'      |                                                  \x1b[01;35m\x1b[K~~~~^~~~~~~\x1b[m\x1b[K\n'}
[1.574990] (rplidar_ros) StderrLine: {'line': b'\x1b[01m\x1b[K/root/ros2_ws/src/ROMI-ROS2/rplidar_ros/sdk/src/dataunpacker/dataunpacker.h:56:75:\x1b[m\x1b[K \x1b[01;35m\x1b[Kwarning: \x1b[m\x1b[Kunused parameter \xe2\x80\x98\x1b[01m\x1b[Kpayload\x1b[m\x1b[K\xe2\x80\x99 [\x1b[01;35m\x1b[K\x1b]8;;https://gcc.gnu.org/onlinedocs/gcc/Warning-Options.html#index-Wunused-parameter\x07-Wunused-parameter\x1b]8;;\x07\x1b[m\x1b[K]\n'}
[1.575038] (rplidar_ros) StderrLine: {'line': b'   56 |         virtual void onDecodingError(int errMsg, _u8 ansType, \x1b[01;35m\x1b[Kconst void* payload\x1b[m\x1b[K, size_t size) {}\n'}
[1.575080] (rplidar_ros) StderrLine: {'line': b'      |                                                               \x1b[01;35m\x1b[K~~~~~~~~~~~~^~~~~~~\x1b[m\x1b[K\n'}
[1.575126] (rplidar_ros) StderrLine: {'line': b'\x1b[01m\x1b[K/root/ros2_ws/src/ROMI-ROS2/rplidar_ros/sdk/src/dataunpacker/dataunpacker.h:56:91:\x1b[m\x1b[K \x1b[01;35m\x1b[Kwarning: \x1b[m\x1b[Kunused parameter \xe2\x80\x98\x1b[01m\x1b[Ksize\x1b[m\x1b[K\xe2\x80\x99 [\x1b[01;35m\x1b[K\x1b]8;;https://gcc.gnu.org/onlinedocs/gcc/Warning-Options.html#index-Wunused-parameter\x07-Wunused-parameter\x1b]8;;\x07\x1b[m\x1b[K]\n'}
[1.575172] (rplidar_ros) StderrLine: {'line': b'   56 |         virtual void onDecodingError(int errMsg, _u8 ansType, const void* payload, \x1b[01;35m\x1b[Ksize_t size\x1b[m\x1b[K) {}\n'}
[1.575214] (rplidar_ros) StderrLine: {'line': b'      |                                                                                    \x1b[01;35m\x1b[K~~~~~~~^~~~\x1b[m\x1b[K\n'}
[1.604792] (-) TimerEvent: {}
[1.614615] (rplidar_ros) StderrLine: {'line': b'In file included from \x1b[01m\x1b[K/root/ros2_ws/src/ROMI-ROS2/rplidar_ros/sdk/include/rplidar_protocol.h:36\x1b[m\x1b[K,\n'}
[1.614905] (rplidar_ros) StderrLine: {'line': b'                 from \x1b[01m\x1b[K/root/ros2_ws/src/ROMI-ROS2/rplidar_ros/sdk/include/rplidar.h:39\x1b[m\x1b[K,\n'}
[1.615307] (rplidar_ros) StderrLine: {'line': b'                 from \x1b[01m\x1b[K/root/ros2_ws/src/ROMI-ROS2/rplidar_ros/sdk/src/sdkcommon.h:49\x1b[m\x1b[K,\n'}
[1.615403] (rplidar_ros) StderrLine: {'line': b'                 from \x1b[01m\x1b[K/root/ros2_ws/src/ROMI-ROS2/rplidar_ros/sdk/src/dataunpacker/unpacker/../dataunnpacker_commondef.h:41\x1b[m\x1b[K,\n'}
[1.615465] (rplidar_ros) StderrLine: {'line': b'                 from \x1b[01m\x1b[K/root/ros2_ws/src/ROMI-ROS2/rplidar_ros/sdk/src/dataunpacker/unpacker/handler_hqnode.cpp:39\x1b[m\x1b[K:\n'}
[1.615510] (rplidar_ros) StderrLine: {'line': b'\x1b[01m\x1b[K/root/ros2_ws/src/ROMI-ROS2/rplidar_ros/sdk/include/sl_lidar_protocol.h:66:16:\x1b[m\x1b[K \x1b[01;35m\x1b[Kwarning: \x1b[m\x1b[KISO C++ forbids zero-size array \xe2\x80\x98\x1b[01m\x1b[Kdata\x1b[m\x1b[K\xe2\x80\x99 [\x1b[01;35m\x1b[K\x1b]8;;https://gcc.gnu.org/onlinedocs/gcc/Warning-Options.html#index-Wpedantic\x07-Wpedantic\x1b]8;;\x07\x1b[m\x1b[K]\n'}
[1.615572] (rplidar_ros) StderrLine: {'line': b'   66 |     sl_u8 data[\x1b[01;35m\x1b[K0\x1b[m\x1b[K];\n'}
[1.615615] (rplidar_ros) StderrLine: {'line': b'      |                \x1b[01;35m\x1b[K^\x1b[m\x1b[K\n'}
[1.615655] (rplidar_ros) StderrLine: {'line': b'In file included from \x1b[01m\x1b[K/root/ros2_ws/src/ROMI-ROS2/rplidar_ros/sdk/include/rplidar_cmd.h:36\x1b[m\x1b[K,\n'}
[1.615697] (rplidar_ros) StderrLine: {'line': b'                 from \x1b[01m\x1b[K/root/ros2_ws/src/ROMI-ROS2/rplidar_ros/sdk/include/rplidar.h:40\x1b[m\x1b[K,\n'}
[1.615736] (rplidar_ros) StderrLine: {'line': b'                 from \x1b[01m\x1b[K/root/ros2_ws/src/ROMI-ROS2/rplidar_ros/sdk/src/sdkcommon.h:49\x1b[m\x1b[K,\n'}
[1.615774] (rplidar_ros) StderrLine: {'line': b'                 from \x1b[01m\x1b[K/root/ros2_ws/src/ROMI-ROS2/rplidar_ros/sdk/src/dataunpacker/unpacker/../dataunnpacker_commondef.h:41\x1b[m\x1b[K,\n'}
[1.615816] (rplidar_ros) StderrLine: {'line': b'                 from \x1b[01m\x1b[K/root/ros2_ws/src/ROMI-ROS2/rplidar_ros/sdk/src/dataunpacker/unpacker/handler_hqnode.cpp:39\x1b[m\x1b[K:\n'}
[1.615855] (rplidar_ros) StderrLine: {'line': b'\x1b[01m\x1b[K/root/ros2_ws/src/ROMI-ROS2/rplidar_ros/sdk/include/sl_lidar_cmd.h:324:20:\x1b[m\x1b[K \x1b[01;35m\x1b[Kwarning: \x1b[m\x1b[KISO C++ forbids zero-size array \xe2\x80\x98\x1b[01m\x1b[Kpayload\x1b[m\x1b[K\xe2\x80\x99 [\x1b[01;35m\x1b[K\x1b]8;;https://gcc.gnu.org/onlinedocs/gcc/Warning-Options.html#index-Wpedantic\x07-Wpedantic\x1b]8;;\x07\x1b[m\x1b[K]\n'}
[1.615898] (rplidar_ros) StderrLine: {'line': b'  324 |     sl_u8  payload[\x1b[01;35m\x1b[K0\x1b[m\x1b[K];\n'}
[1.615935] (rplidar_ros) StderrLine: {'line': b'      |                    \x1b[01;35m\x1b[K^\x1b[m\x1b[K\n'}
[1.624519] (rplidar_ros) StdoutLine: {'line': b'[ 52%] \x1b[32mBuilding CXX object CMakeFiles/rplidar_composition.dir/sdk/src/hal/thread.cpp.o\x1b[0m\n'}
[1.704937] (-) TimerEvent: {}
[1.805658] (-) TimerEvent: {}
[1.837207] (rplidar_ros) StderrLine: {'line': b'In file included from \x1b[01m\x1b[K/root/ros2_ws/src/ROMI-ROS2/rplidar_ros/sdk/include/rplidar_protocol.h:36\x1b[m\x1b[K,\n'}
[1.837896] (rplidar_ros) StderrLine: {'line': b'                 from \x1b[01m\x1b[K/root/ros2_ws/src/ROMI-ROS2/rplidar_ros/sdk/include/rplidar.h:39\x1b[m\x1b[K,\n'}
[1.838088] (rplidar_ros) StderrLine: {'line': b'                 from \x1b[01m\x1b[K/root/ros2_ws/src/ROMI-ROS2/rplidar_ros/sdk/src/sdkcommon.h:49\x1b[m\x1b[K,\n'}
[1.838155] (rplidar_ros) StderrLine: {'line': b'                 from \x1b[01m\x1b[K/root/ros2_ws/src/ROMI-ROS2/rplidar_ros/sdk/src/dataunpacker/unpacker/../dataunnpacker_commondef.h:41\x1b[m\x1b[K,\n'}
[1.838201] (rplidar_ros) StderrLine: {'line': b'                 from \x1b[01m\x1b[K/root/ros2_ws/src/ROMI-ROS2/rplidar_ros/sdk/src/dataunpacker/unpacker/handler_capsules.cpp:39\x1b[m\x1b[K:\n'}
[1.838241] (rplidar_ros) StderrLine: {'line': b'\x1b[01m\x1b[K/root/ros2_ws/src/ROMI-ROS2/rplidar_ros/sdk/include/sl_lidar_protocol.h:66:16:\x1b[m\x1b[K \x1b[01;35m\x1b[Kwarning: \x1b[m\x1b[KISO C++ forbids zero-size array \xe2\x80\x98\x1b[01m\x1b[Kdata\x1b[m\x1b[K\xe2\x80\x99 [\x1b[01;35m\x1b[K\x1b]8;;https://gcc.gnu.org/onlinedocs/gcc/Warning-Options.html#index-Wpedantic\x07-Wpedantic\x1b]8;;\x07\x1b[m\x1b[K]\n'}
[1.838286] (rplidar_ros) StderrLine: {'line': b'   66 |     sl_u8 data[\x1b[01;35m\x1b[K0\x1b[m\x1b[K];\n'}
[1.838326] (rplidar_ros) StderrLine: {'line': b'      |                \x1b[01;35m\x1b[K^\x1b[m\x1b[K\n'}
[1.838362] (rplidar_ros) StderrLine: {'line': b'In file included from \x1b[01m\x1b[K/root/ros2_ws/src/ROMI-ROS2/rplidar_ros/sdk/include/rplidar_cmd.h:36\x1b[m\x1b[K,\n'}
[1.838400] (rplidar_ros) StderrLine: {'line': b'                 from \x1b[01m\x1b[K/root/ros2_ws/src/ROMI-ROS2/rplidar_ros/sdk/include/rplidar.h:40\x1b[m\x1b[K,\n'}
[1.838447] (rplidar_ros) StderrLine: {'line': b'                 from \x1b[01m\x1b[K/root/ros2_ws/src/ROMI-ROS2/rplidar_ros/sdk/src/sdkcommon.h:49\x1b[m\x1b[K,\n'}
[1.838488] (rplidar_ros) StderrLine: {'line': b'                 from \x1b[01m\x1b[K/root/ros2_ws/src/ROMI-ROS2/rplidar_ros/sdk/src/dataunpacker/unpacker/../dataunnpacker_commondef.h:41\x1b[m\x1b[K,\n'}
[1.838528] (rplidar_ros) StderrLine: {'line': b'                 from \x1b[01m\x1b[K/root/ros2_ws/src/ROMI-ROS2/rplidar_ros/sdk/src/dataunpacker/unpacker/handler_capsules.cpp:39\x1b[m\x1b[K:\n'}
[1.838565] (rplidar_ros) StderrLine: {'line': b'\x1b[01m\x1b[K/root/ros2_ws/src/ROMI-ROS2/rplidar_ros/sdk/include/sl_lidar_cmd.h:324:20:\x1b[m\x1b[K \x1b[01;35m\x1b[Kwarning: \x1b[m\x1b[KISO C++ forbids zero-size array \xe2\x80\x98\x1b[01m\x1b[Kpayload\x1b[m\x1b[K\xe2\x80\x99 [\x1b[01;35m\x1b[K\x1b]8;;https://gcc.gnu.org/onlinedocs/gcc/Warning-Options.html#index-Wpedantic\x07-Wpedantic\x1b]8;;\x07\x1b[m\x1b[K]\n'}
[1.838608] (rplidar_ros) StderrLine: {'line': b'  324 |     sl_u8  payload[\x1b[01;35m\x1b[K0\x1b[m\x1b[K];\n'}
[1.838656] (rplidar_ros) StderrLine: {'line': b'      |                    \x1b[01;35m\x1b[K^\x1b[m\x1b[K\n'}
[1.840812] (rplidar_ros) StderrLine: {'line': b'In file included from \x1b[01m\x1b[K/root/ros2_ws/src/ROMI-ROS2/rplidar_ros/sdk/include/rplidar_protocol.h:36\x1b[m\x1b[K,\n'}
[1.840990] (rplidar_ros) StderrLine: {'line': b'                 from \x1b[01m\x1b[K/root/ros2_ws/src/ROMI-ROS2/rplidar_ros/sdk/include/rplidar.h:39\x1b[m\x1b[K,\n'}
[1.841074] (rplidar_ros) StderrLine: {'line': b'                 from \x1b[01m\x1b[K/root/ros2_ws/src/ROMI-ROS2/rplidar_ros/sdk/src/sdkcommon.h:49\x1b[m\x1b[K,\n'}
[1.841135] (rplidar_ros) StderrLine: {'line': b'                 from \x1b[01m\x1b[K/root/ros2_ws/src/ROMI-ROS2/rplidar_ros/sdk/src/dataunpacker/unpacker/../dataunnpacker_commondef.h:41\x1b[m\x1b[K,\n'}
[1.841181] (rplidar_ros) StderrLine: {'line': b'                 from \x1b[01m\x1b[K/root/ros2_ws/src/ROMI-ROS2/rplidar_ros/sdk/src/dataunpacker/unpacker/handler_normalnode.cpp:39\x1b[m\x1b[K:\n'}
[1.841226] (rplidar_ros) StderrLine: {'line': b'\x1b[01m\x1b[K/root/ros2_ws/src/ROMI-ROS2/rplidar_ros/sdk/include/sl_lidar_protocol.h:66:16:\x1b[m\x1b[K \x1b[01;35m\x1b[Kwarning: \x1b[m\x1b[KISO C++ forbids zero-size array \xe2\x80\x98\x1b[01m\x1b[Kdata\x1b[m\x1b[K\xe2\x80\x99 [\x1b[01;35m\x1b[K\x1b]8;;https://gcc.gnu.org/onlinedocs/gcc/Warning-Options.html#index-Wpedantic\x07-Wpedantic\x1b]8;;\x07\x1b[m\x1b[K]\n'}
[1.841275] (rplidar_ros) StderrLine: {'line': b'   66 |     sl_u8 data[\x1b[01;35m\x1b[K0\x1b[m\x1b[K];\n'}
[1.841316] (rplidar_ros) StderrLine: {'line': b'      |                \x1b[01;35m\x1b[K^\x1b[m\x1b[K\n'}
[1.841714] (rplidar_ros) StderrLine: {'line': b'In file included from \x1b[01m\x1b[K/root/ros2_ws/src/ROMI-ROS2/rplidar_ros/sdk/include/rplidar_cmd.h:36\x1b[m\x1b[K,\n'}
[1.844622] (rplidar_ros) StderrLine: {'line': b'                 from \x1b[01m\x1b[K/root/ros2_ws/src/ROMI-ROS2/rplidar_ros/sdk/include/rplidar.h:40\x1b[m\x1b[K,\n'}
[1.844718] (rplidar_ros) StderrLine: {'line': b'                 from \x1b[01m\x1b[K/root/ros2_ws/src/ROMI-ROS2/rplidar_ros/sdk/src/sdkcommon.h:49\x1b[m\x1b[K,\n'}
[1.844768] (rplidar_ros) StderrLine: {'line': b'                 from \x1b[01m\x1b[K/root/ros2_ws/src/ROMI-ROS2/rplidar_ros/sdk/src/dataunpacker/unpacker/../dataunnpacker_commondef.h:41\x1b[m\x1b[K,\n'}
[1.844814] (rplidar_ros) StderrLine: {'line': b'                 from \x1b[01m\x1b[K/root/ros2_ws/src/ROMI-ROS2/rplidar_ros/sdk/src/dataunpacker/unpacker/handler_normalnode.cpp:39\x1b[m\x1b[K:\n'}
[1.844855] (rplidar_ros) StderrLine: {'line': b'\x1b[01m\x1b[K/root/ros2_ws/src/ROMI-ROS2/rplidar_ros/sdk/include/sl_lidar_cmd.h:324:20:\x1b[m\x1b[K \x1b[01;35m\x1b[Kwarning: \x1b[m\x1b[KISO C++ forbids zero-size array \xe2\x80\x98\x1b[01m\x1b[Kpayload\x1b[m\x1b[K\xe2\x80\x99 [\x1b[01;35m\x1b[K\x1b]8;;https://gcc.gnu.org/onlinedocs/gcc/Warning-Options.html#index-Wpedantic\x07-Wpedantic\x1b]8;;\x07\x1b[m\x1b[K]\n'}
[1.844904] (rplidar_ros) StderrLine: {'line': b'  324 |     sl_u8  payload[\x1b[01;35m\x1b[K0\x1b[m\x1b[K];\n'}
[1.845024] (rplidar_ros) StderrLine: {'line': b'      |                    \x1b[01;35m\x1b[K^\x1b[m\x1b[K\n'}
[1.845078] (rplidar_ros) StdoutLine: {'line': b'[ 55%] \x1b[32mBuilding CXX object CMakeFiles/rplidar_composition.dir/sdk/src/rplidar_driver.cpp.o\x1b[0m\n'}
[1.882065] (rplidar_ros) StderrLine: {'line': b'In file included from \x1b[01m\x1b[K/root/ros2_ws/src/ROMI-ROS2/rplidar_ros/sdk/src/dataunpacker/unpacker/handler_hqnode.cpp:40\x1b[m\x1b[K:\n'}
[1.882532] (rplidar_ros) StderrLine: {'line': b'\x1b[01m\x1b[K/root/ros2_ws/src/ROMI-ROS2/rplidar_ros/sdk/src/dataunpacker/unpacker/../dataunpacker.h:\x1b[m\x1b[K In member function \xe2\x80\x98\x1b[01m\x1b[Kvirtual void sl::internal::LIDARSampleDataListener::onCustomSampleDataDecoded(_u8, _u32, const void*, size_t)\x1b[m\x1b[K\xe2\x80\x99:\n'}
[1.882714] (rplidar_ros) StderrLine: {'line': b'\x1b[01m\x1b[K/root/ros2_ws/src/ROMI-ROS2/rplidar_ros/sdk/src/dataunpacker/unpacker/../dataunpacker.h:54:52:\x1b[m\x1b[K \x1b[01;35m\x1b[Kwarning: \x1b[m\x1b[Kunused parameter \xe2\x80\x98\x1b[01m\x1b[KansType\x1b[m\x1b[K\xe2\x80\x99 [\x1b[01;35m\x1b[K\x1b]8;;https://gcc.gnu.org/onlinedocs/gcc/Warning-Options.html#index-Wunused-parameter\x07-Wunused-parameter\x1b]8;;\x07\x1b[m\x1b[K]\n'}
[1.882856] (rplidar_ros) StderrLine: {'line': b'   54 |         virtual void onCustomSampleDataDecoded(\x1b[01;35m\x1b[K_u8 ansType\x1b[m\x1b[K, _u32 customCode, const void* data, size_t size) {}\n'}
[1.882953] (rplidar_ros) StderrLine: {'line': b'      |                                                \x1b[01;35m\x1b[K~~~~^~~~~~~\x1b[m\x1b[K\n'}
[1.883037] (rplidar_ros) StderrLine: {'line': b'\x1b[01m\x1b[K/root/ros2_ws/src/ROMI-ROS2/rplidar_ros/sdk/src/dataunpacker/unpacker/../dataunpacker.h:54:66:\x1b[m\x1b[K \x1b[01;35m\x1b[Kwarning: \x1b[m\x1b[Kunused parameter \xe2\x80\x98\x1b[01m\x1b[KcustomCode\x1b[m\x1b[K\xe2\x80\x99 [\x1b[01;35m\x1b[K\x1b]8;;https://gcc.gnu.org/onlinedocs/gcc/Warning-Options.html#index-Wunused-parameter\x07-Wunused-parameter\x1b]8;;\x07\x1b[m\x1b[K]\n'}
[1.883127] (rplidar_ros) StderrLine: {'line': b'   54 |         virtual void onCustomSampleDataDecoded(_u8 ansType, \x1b[01;35m\x1b[K_u32 customCode\x1b[m\x1b[K, const void* data, size_t size) {}\n'}
[1.883206] (rplidar_ros) StderrLine: {'line': b'      |                                                             \x1b[01;35m\x1b[K~~~~~^~~~~~~~~~\x1b[m\x1b[K\n'}
[1.883291] (rplidar_ros) StderrLine: {'line': b'\x1b[01m\x1b[K/root/ros2_ws/src/ROMI-ROS2/rplidar_ros/sdk/src/dataunpacker/unpacker/../dataunpacker.h:54:90:\x1b[m\x1b[K \x1b[01;35m\x1b[Kwarning: \x1b[m\x1b[Kunused parameter \xe2\x80\x98\x1b[01m\x1b[Kdata\x1b[m\x1b[K\xe2\x80\x99 [\x1b[01;35m\x1b[K\x1b]8;;https://gcc.gnu.org/onlinedocs/gcc/Warning-Options.html#index-Wunused-parameter\x07-Wunused-parameter\x1b]8;;\x07\x1b[m\x1b[K]\n'}
[1.883370] (rplidar_ros) StderrLine: {'line': b'   54 |         virtual void onCustomSampleDataDecoded(_u8 ansType, _u32 customCode, \x1b[01;35m\x1b[Kconst void* data\x1b[m\x1b[K, size_t size) {}\n'}
[1.883459] (rplidar_ros) StderrLine: {'line': b'      |                                                                              \x1b[01;35m\x1b[K~~~~~~~~~~~~^~~~\x1b[m\x1b[K\n'}
[1.883541] (rplidar_ros) StderrLine: {'line': b'\x1b[01m\x1b[K/root/ros2_ws/src/ROMI-ROS2/rplidar_ros/sdk/src/dataunpacker/unpacker/../dataunpacker.h:54:103:\x1b[m\x1b[K \x1b[01;35m\x1b[Kwarning: \x1b[m\x1b[Kunused parameter \xe2\x80\x98\x1b[01m\x1b[Ksize\x1b[m\x1b[K\xe2\x80\x99 [\x1b[01;35m\x1b[K\x1b]8;;https://gcc.gnu.org/onlinedocs/gcc/Warning-Options.html#index-Wunused-parameter\x07-Wunused-parameter\x1b]8;;\x07\x1b[m\x1b[K]\n'}
[1.883630] (rplidar_ros) StderrLine: {'line': b'   54 |         virtual void onCustomSampleDataDecoded(_u8 ansType, _u32 customCode, const void* data, \x1b[01;35m\x1b[Ksize_t size\x1b[m\x1b[K) {}\n'}
[1.883706] (rplidar_ros) StderrLine: {'line': b'      |                                                                                                \x1b[01;35m\x1b[K~~~~~~~^~~~\x1b[m\x1b[K\n'}
[1.883778] (rplidar_ros) StderrLine: {'line': b'\x1b[01m\x1b[K/root/ros2_ws/src/ROMI-ROS2/rplidar_ros/sdk/src/dataunpacker/unpacker/../dataunpacker.h:\x1b[m\x1b[K In member function \xe2\x80\x98\x1b[01m\x1b[Kvirtual void sl::internal::LIDARSampleDataListener::onDecodingError(int, _u8, const void*, size_t)\x1b[m\x1b[K\xe2\x80\x99:\n'}
[1.883853] (rplidar_ros) StderrLine: {'line': b'\x1b[01m\x1b[K/root/ros2_ws/src/ROMI-ROS2/rplidar_ros/sdk/src/dataunpacker/unpacker/../dataunpacker.h:56:42:\x1b[m\x1b[K \x1b[01;35m\x1b[Kwarning: \x1b[m\x1b[Kunused parameter \xe2\x80\x98\x1b[01m\x1b[KerrMsg\x1b[m\x1b[K\xe2\x80\x99 [\x1b[01;35m\x1b[K\x1b]8;;https://gcc.gnu.org/onlinedocs/gcc/Warning-Options.html#index-Wunused-parameter\x07-Wunused-parameter\x1b]8;;\x07\x1b[m\x1b[K]\n'}
[1.883929] (rplidar_ros) StderrLine: {'line': b'   56 |         virtual void onDecodingError(\x1b[01;35m\x1b[Kint errMsg\x1b[m\x1b[K, _u8 ansType, const void* payload, size_t size) {}\n'}
[1.884002] (rplidar_ros) StderrLine: {'line': b'      |                                      \x1b[01;35m\x1b[K~~~~^~~~~~\x1b[m\x1b[K\n'}
[1.884080] (rplidar_ros) StderrLine: {'line': b'\x1b[01m\x1b[K/root/ros2_ws/src/ROMI-ROS2/rplidar_ros/sdk/src/dataunpacker/unpacker/../dataunpacker.h:56:54:\x1b[m\x1b[K \x1b[01;35m\x1b[Kwarning: \x1b[m\x1b[Kunused parameter \xe2\x80\x98\x1b[01m\x1b[KansType\x1b[m\x1b[K\xe2\x80\x99 [\x1b[01;35m\x1b[K\x1b]8;;https://gcc.gnu.org/onlinedocs/gcc/Warning-Options.html#index-Wunused-parameter\x07-Wunused-parameter\x1b]8;;\x07\x1b[m\x1b[K]\n'}
[1.884155] (rplidar_ros) StderrLine: {'line': b'   56 |         virtual void onDecodingError(int errMsg, \x1b[01;35m\x1b[K_u8 ansType\x1b[m\x1b[K, const void* payload, size_t size) {}\n'}
[1.884224] (rplidar_ros) StderrLine: {'line': b'      |                                                  \x1b[01;35m\x1b[K~~~~^~~~~~~\x1b[m\x1b[K\n'}
[1.884295] (rplidar_ros) StderrLine: {'line': b'\x1b[01m\x1b[K/root/ros2_ws/src/ROMI-ROS2/rplidar_ros/sdk/src/dataunpacker/unpacker/../dataunpacker.h:56:75:\x1b[m\x1b[K \x1b[01;35m\x1b[Kwarning: \x1b[m\x1b[Kunused parameter \xe2\x80\x98\x1b[01m\x1b[Kpayload\x1b[m\x1b[K\xe2\x80\x99 [\x1b[01;35m\x1b[K\x1b]8;;https://gcc.gnu.org/onlinedocs/gcc/Warning-Options.html#index-Wunused-parameter\x07-Wunused-parameter\x1b]8;;\x07\x1b[m\x1b[K]\n'}
[1.884368] (rplidar_ros) StderrLine: {'line': b'   56 |         virtual void onDecodingError(int errMsg, _u8 ansType, \x1b[01;35m\x1b[Kconst void* payload\x1b[m\x1b[K, size_t size) {}\n'}
[1.884445] (rplidar_ros) StderrLine: {'line': b'      |                                                               \x1b[01;35m\x1b[K~~~~~~~~~~~~^~~~~~~\x1b[m\x1b[K\n'}
[1.884531] (rplidar_ros) StderrLine: {'line': b'\x1b[01m\x1b[K/root/ros2_ws/src/ROMI-ROS2/rplidar_ros/sdk/src/dataunpacker/unpacker/../dataunpacker.h:56:91:\x1b[m\x1b[K \x1b[01;35m\x1b[Kwarning: \x1b[m\x1b[Kunused parameter \xe2\x80\x98\x1b[01m\x1b[Ksize\x1b[m\x1b[K\xe2\x80\x99 [\x1b[01;35m\x1b[K\x1b]8;;https://gcc.gnu.org/onlinedocs/gcc/Warning-Options.html#index-Wunused-parameter\x07-Wunused-parameter\x1b]8;;\x07\x1b[m\x1b[K]\n'}
[1.884603] (rplidar_ros) StderrLine: {'line': b'   56 |         virtual void onDecodingError(int errMsg, _u8 ansType, const void* payload, \x1b[01;35m\x1b[Ksize_t size\x1b[m\x1b[K) {}\n'}
[1.884671] (rplidar_ros) StderrLine: {'line': b'      |                                                                                    \x1b[01;35m\x1b[K~~~~~~~^~~~\x1b[m\x1b[K\n'}
[1.906534] (-) TimerEvent: {}
[1.965030] (rplidar_ros) StderrLine: {'line': b'In file included from \x1b[01m\x1b[K/root/ros2_ws/src/ROMI-ROS2/rplidar_ros/sdk/include/rplidar_protocol.h:36\x1b[m\x1b[K,\n'}
[1.967013] (rplidar_ros) StderrLine: {'line': b'                 from \x1b[01m\x1b[K/root/ros2_ws/src/ROMI-ROS2/rplidar_ros/sdk/include/rplidar.h:39\x1b[m\x1b[K,\n'}
[1.967334] (rplidar_ros) StderrLine: {'line': b'                 from \x1b[01m\x1b[K/root/ros2_ws/src/ROMI-ROS2/rplidar_ros/sdk/src/sdkcommon.h:49\x1b[m\x1b[K,\n'}
[1.967506] (rplidar_ros) StderrLine: {'line': b'                 from \x1b[01m\x1b[K/root/ros2_ws/src/ROMI-ROS2/rplidar_ros/sdk/src/hal/thread.cpp:35\x1b[m\x1b[K:\n'}
[1.969417] (rplidar_ros) StderrLine: {'line': b'\x1b[01m\x1b[K/root/ros2_ws/src/ROMI-ROS2/rplidar_ros/sdk/include/sl_lidar_protocol.h:66:16:\x1b[m\x1b[K \x1b[01;35m\x1b[Kwarning: \x1b[m\x1b[KISO C++ forbids zero-size array \xe2\x80\x98\x1b[01m\x1b[Kdata\x1b[m\x1b[K\xe2\x80\x99 [\x1b[01;35m\x1b[K\x1b]8;;https://gcc.gnu.org/onlinedocs/gcc/Warning-Options.html#index-Wpedantic\x07-Wpedantic\x1b]8;;\x07\x1b[m\x1b[K]\n'}
[1.969604] (rplidar_ros) StderrLine: {'line': b'   66 |     sl_u8 data[\x1b[01;35m\x1b[K0\x1b[m\x1b[K];\n'}
[1.969934] (rplidar_ros) StderrLine: {'line': b'      |                \x1b[01;35m\x1b[K^\x1b[m\x1b[K\n'}
[1.978657] (rplidar_ros) StderrLine: {'line': b'In file included from \x1b[01m\x1b[K/root/ros2_ws/src/ROMI-ROS2/rplidar_ros/sdk/include/rplidar_cmd.h:36\x1b[m\x1b[K,\n'}
[1.979155] (rplidar_ros) StderrLine: {'line': b'                 from \x1b[01m\x1b[K/root/ros2_ws/src/ROMI-ROS2/rplidar_ros/sdk/include/rplidar.h:40\x1b[m\x1b[K,\n'}
[1.979342] (rplidar_ros) StderrLine: {'line': b'                 from \x1b[01m\x1b[K/root/ros2_ws/src/ROMI-ROS2/rplidar_ros/sdk/src/sdkcommon.h:49\x1b[m\x1b[K,\n'}
[1.979440] (rplidar_ros) StderrLine: {'line': b'                 from \x1b[01m\x1b[K/root/ros2_ws/src/ROMI-ROS2/rplidar_ros/sdk/src/hal/thread.cpp:35\x1b[m\x1b[K:\n'}
[1.979516] (rplidar_ros) StderrLine: {'line': b'\x1b[01m\x1b[K/root/ros2_ws/src/ROMI-ROS2/rplidar_ros/sdk/include/sl_lidar_cmd.h:324:20:\x1b[m\x1b[K \x1b[01;35m\x1b[Kwarning: \x1b[m\x1b[KISO C++ forbids zero-size array \xe2\x80\x98\x1b[01m\x1b[Kpayload\x1b[m\x1b[K\xe2\x80\x99 [\x1b[01;35m\x1b[K\x1b]8;;https://gcc.gnu.org/onlinedocs/gcc/Warning-Options.html#index-Wpedantic\x07-Wpedantic\x1b]8;;\x07\x1b[m\x1b[K]\n'}
[1.979623] (rplidar_ros) StderrLine: {'line': b'  324 |     sl_u8  payload[\x1b[01;35m\x1b[K0\x1b[m\x1b[K];\n'}
[1.980320] (rplidar_ros) StderrLine: {'line': b'      |                    \x1b[01;35m\x1b[K^\x1b[m\x1b[K\n'}
[1.980585] (rplidar_ros) StderrLine: {'line': b'In file included from \x1b[01m\x1b[K/root/ros2_ws/src/ROMI-ROS2/rplidar_ros/sdk/include/rplidar_protocol.h:36\x1b[m\x1b[K,\n'}
[1.980639] (rplidar_ros) StderrLine: {'line': b'                 from \x1b[01m\x1b[K/root/ros2_ws/src/ROMI-ROS2/rplidar_ros/sdk/include/rplidar.h:39\x1b[m\x1b[K,\n'}
[1.980683] (rplidar_ros) StderrLine: {'line': b'                 from \x1b[01m\x1b[K/root/ros2_ws/src/ROMI-ROS2/rplidar_ros/sdk/src/sdkcommon.h:49\x1b[m\x1b[K,\n'}
[1.980725] (rplidar_ros) StderrLine: {'line': b'                 from \x1b[01m\x1b[K/root/ros2_ws/src/ROMI-ROS2/rplidar_ros/sdk/src/dataunpacker/unpacker/../dataunnpacker_commondef.h:41\x1b[m\x1b[K,\n'}
[1.980767] (rplidar_ros) StderrLine: {'line': b'                 from \x1b[01m\x1b[K/root/ros2_ws/src/ROMI-ROS2/rplidar_ros/sdk/src/dataunpacker/unpacker/handler_normalnode.cpp:39\x1b[m\x1b[K:\n'}
[1.980807] (rplidar_ros) StderrLine: {'line': b'\x1b[01m\x1b[K/root/ros2_ws/src/ROMI-ROS2/rplidar_ros/sdk/include/sl_lidar_protocol.h:66:16:\x1b[m\x1b[K \x1b[01;35m\x1b[Kwarning: \x1b[m\x1b[KISO C++ forbids zero-size array \xe2\x80\x98\x1b[01m\x1b[Kdata\x1b[m\x1b[K\xe2\x80\x99 [\x1b[01;35m\x1b[K\x1b]8;;https://gcc.gnu.org/onlinedocs/gcc/Warning-Options.html#index-Wpedantic\x07-Wpedantic\x1b]8;;\x07\x1b[m\x1b[K]\n'}
[1.980887] (rplidar_ros) StderrLine: {'line': b'   66 |     sl_u8 data[\x1b[01;35m\x1b[K0\x1b[m\x1b[K];\n'}
[1.980956] (rplidar_ros) StderrLine: {'line': b'      |                \x1b[01;35m\x1b[K^\x1b[m\x1b[K\n'}
[1.981023] (rplidar_ros) StderrLine: {'line': b'In file included from \x1b[01m\x1b[K/root/ros2_ws/src/ROMI-ROS2/rplidar_ros/sdk/include/rplidar_cmd.h:36\x1b[m\x1b[K,\n'}
[1.981093] (rplidar_ros) StderrLine: {'line': b'                 from \x1b[01m\x1b[K/root/ros2_ws/src/ROMI-ROS2/rplidar_ros/sdk/include/rplidar.h:40\x1b[m\x1b[K,\n'}
[1.982633] (rplidar_ros) StderrLine: {'line': b'                 from \x1b[01m\x1b[K/root/ros2_ws/src/ROMI-ROS2/rplidar_ros/sdk/src/sdkcommon.h:49\x1b[m\x1b[K,\n'}
[1.982747] (rplidar_ros) StderrLine: {'line': b'                 from \x1b[01m\x1b[K/root/ros2_ws/src/ROMI-ROS2/rplidar_ros/sdk/src/dataunpacker/unpacker/../dataunnpacker_commondef.h:41\x1b[m\x1b[K,\n'}
[1.982827] (rplidar_ros) StderrLine: {'line': b'                 from \x1b[01m\x1b[K/root/ros2_ws/src/ROMI-ROS2/rplidar_ros/sdk/src/dataunpacker/unpacker/handler_normalnode.cpp:39\x1b[m\x1b[K:\n'}
[1.982902] (rplidar_ros) StderrLine: {'line': b'\x1b[01m\x1b[K/root/ros2_ws/src/ROMI-ROS2/rplidar_ros/sdk/include/sl_lidar_cmd.h:324:20:\x1b[m\x1b[K \x1b[01;35m\x1b[Kwarning: \x1b[m\x1b[KISO C++ forbids zero-size array \xe2\x80\x98\x1b[01m\x1b[Kpayload\x1b[m\x1b[K\xe2\x80\x99 [\x1b[01;35m\x1b[K\x1b]8;;https://gcc.gnu.org/onlinedocs/gcc/Warning-Options.html#index-Wpedantic\x07-Wpedantic\x1b]8;;\x07\x1b[m\x1b[K]\n'}
[1.982986] (rplidar_ros) StderrLine: {'line': b'  324 |     sl_u8  payload[\x1b[01;35m\x1b[K0\x1b[m\x1b[K];\n'}
[1.983059] (rplidar_ros) StderrLine: {'line': b'      |                    \x1b[01;35m\x1b[K^\x1b[m\x1b[K\n'}
[2.004521] (rplidar_ros) StderrLine: {'line': b'In file included from \x1b[01m\x1b[K/root/ros2_ws/src/ROMI-ROS2/rplidar_ros/sdk/include/rplidar_protocol.h:36\x1b[m\x1b[K,\n'}
[2.004882] (rplidar_ros) StderrLine: {'line': b'                 from \x1b[01m\x1b[K/root/ros2_ws/src/ROMI-ROS2/rplidar_ros/sdk/include/rplidar.h:39\x1b[m\x1b[K,\n'}
[2.005010] (rplidar_ros) StderrLine: {'line': b'                 from \x1b[01m\x1b[K/root/ros2_ws/src/ROMI-ROS2/rplidar_ros/sdk/src/sdkcommon.h:49\x1b[m\x1b[K,\n'}
[2.005090] (rplidar_ros) StderrLine: {'line': b'                 from \x1b[01m\x1b[K/root/ros2_ws/src/ROMI-ROS2/rplidar_ros/sdk/src/dataunpacker/unpacker/../dataunnpacker_commondef.h:41\x1b[m\x1b[K,\n'}
[2.005132] (rplidar_ros) StderrLine: {'line': b'                 from \x1b[01m\x1b[K/root/ros2_ws/src/ROMI-ROS2/rplidar_ros/sdk/src/dataunpacker/unpacker/handler_hqnode.cpp:39\x1b[m\x1b[K:\n'}
[2.005172] (rplidar_ros) StderrLine: {'line': b'\x1b[01m\x1b[K/root/ros2_ws/src/ROMI-ROS2/rplidar_ros/sdk/include/sl_lidar_protocol.h:66:16:\x1b[m\x1b[K \x1b[01;35m\x1b[Kwarning: \x1b[m\x1b[KISO C++ forbids zero-size array \xe2\x80\x98\x1b[01m\x1b[Kdata\x1b[m\x1b[K\xe2\x80\x99 [\x1b[01;35m\x1b[K\x1b]8;;https://gcc.gnu.org/onlinedocs/gcc/Warning-Options.html#index-Wpedantic\x07-Wpedantic\x1b]8;;\x07\x1b[m\x1b[K]\n'}
[2.005218] (rplidar_ros) StderrLine: {'line': b'   66 |     sl_u8 data[\x1b[01;35m\x1b[K0\x1b[m\x1b[K];\n'}
[2.005257] (rplidar_ros) StderrLine: {'line': b'      |                \x1b[01;35m\x1b[K^\x1b[m\x1b[K\n'}
[2.005293] (rplidar_ros) StderrLine: {'line': b'In file included from \x1b[01m\x1b[K/root/ros2_ws/src/ROMI-ROS2/rplidar_ros/sdk/include/rplidar_cmd.h:36\x1b[m\x1b[K,\n'}
[2.005331] (rplidar_ros) StderrLine: {'line': b'                 from \x1b[01m\x1b[K/root/ros2_ws/src/ROMI-ROS2/rplidar_ros/sdk/include/rplidar.h:40\x1b[m\x1b[K,\n'}
[2.005367] (rplidar_ros) StderrLine: {'line': b'                 from \x1b[01m\x1b[K/root/ros2_ws/src/ROMI-ROS2/rplidar_ros/sdk/src/sdkcommon.h:49\x1b[m\x1b[K,\n'}
[2.005401] (rplidar_ros) StderrLine: {'line': b'                 from \x1b[01m\x1b[K/root/ros2_ws/src/ROMI-ROS2/rplidar_ros/sdk/src/dataunpacker/unpacker/../dataunnpacker_commondef.h:41\x1b[m\x1b[K,\n'}
[2.005447] (rplidar_ros) StderrLine: {'line': b'                 from \x1b[01m\x1b[K/root/ros2_ws/src/ROMI-ROS2/rplidar_ros/sdk/src/dataunpacker/unpacker/handler_hqnode.cpp:39\x1b[m\x1b[K:\n'}
[2.005487] (rplidar_ros) StderrLine: {'line': b'\x1b[01m\x1b[K/root/ros2_ws/src/ROMI-ROS2/rplidar_ros/sdk/include/sl_lidar_cmd.h:324:20:\x1b[m\x1b[K \x1b[01;35m\x1b[Kwarning: \x1b[m\x1b[KISO C++ forbids zero-size array \xe2\x80\x98\x1b[01m\x1b[Kpayload\x1b[m\x1b[K\xe2\x80\x99 [\x1b[01;35m\x1b[K\x1b]8;;https://gcc.gnu.org/onlinedocs/gcc/Warning-Options.html#index-Wpedantic\x07-Wpedantic\x1b]8;;\x07\x1b[m\x1b[K]\n'}
[2.005543] (rplidar_ros) StderrLine: {'line': b'  324 |     sl_u8  payload[\x1b[01;35m\x1b[K0\x1b[m\x1b[K];\n'}
[2.005581] (rplidar_ros) StderrLine: {'line': b'      |                    \x1b[01;35m\x1b[K^\x1b[m\x1b[K\n'}
[2.006624] (-) TimerEvent: {}
[2.016515] (rplidar_ros) StderrLine: {'line': b'In file included from \x1b[01m\x1b[K/root/ros2_ws/src/ROMI-ROS2/rplidar_ros/sdk/src/hal/thread.cpp:43\x1b[m\x1b[K:\n'}
[2.017223] (rplidar_ros) StderrLine: {'line': b'\x1b[01m\x1b[K/root/ros2_ws/src/ROMI-ROS2/rplidar_ros/sdk/src/arch/linux/thread.hpp:\x1b[m\x1b[K In static member function \xe2\x80\x98\x1b[01m\x1b[Kstatic rp::hal::Thread rp::hal::Thread::create(thread_proc_t, void*)\x1b[m\x1b[K\xe2\x80\x99:\n'}
[2.017644] (rplidar_ros) StderrLine: {'line': b'\x1b[01m\x1b[K/root/ros2_ws/src/ROMI-ROS2/rplidar_ros/sdk/src/arch/linux/thread.hpp:52:57:\x1b[m\x1b[K \x1b[01;35m\x1b[Kwarning: \x1b[m\x1b[Kcast between incompatible function types from \xe2\x80\x98\x1b[01m\x1b[Kthread_proc_t\x1b[m\x1b[K\xe2\x80\x99 {aka \xe2\x80\x98\x1b[01m\x1b[Klong unsigned int (*)(void*)\x1b[m\x1b[K\xe2\x80\x99} to \xe2\x80\x98\x1b[01m\x1b[Kvoid* (*)(void*)\x1b[m\x1b[K\xe2\x80\x99 [\x1b[01;35m\x1b[K\x1b]8;;https://gcc.gnu.org/onlinedocs/gcc/Warning-Options.html#index-Wcast-function-type\x07-Wcast-function-type\x1b]8;;\x07\x1b[m\x1b[K]\n'}
[2.017959] (rplidar_ros) StderrLine: {'line': b'   52 |     pthread_create((pthread_t *)&newborn._handle, NULL, \x1b[01;35m\x1b[K(void * (*)(void *))proc\x1b[m\x1b[K, data);\n'}
[2.018265] (rplidar_ros) StderrLine: {'line': b'      |                                                         \x1b[01;35m\x1b[K^~~~~~~~~~~~~~~~~~~~~~~~\x1b[m\x1b[K\n'}
[2.018599] (rplidar_ros) StderrLine: {'line': b'\x1b[01m\x1b[K/root/ros2_ws/src/ROMI-ROS2/rplidar_ros/sdk/src/arch/linux/thread.hpp:\x1b[m\x1b[K In member function \xe2\x80\x98\x1b[01m\x1b[Ku_result rp::hal::Thread::join(long unsigned int)\x1b[m\x1b[K\xe2\x80\x99:\n'}
[2.018854] (rplidar_ros) StderrLine: {'line': b'\x1b[01m\x1b[K/root/ros2_ws/src/ROMI-ROS2/rplidar_ros/sdk/src/arch/linux/thread.hpp:176:37:\x1b[m\x1b[K \x1b[01;35m\x1b[Kwarning: \x1b[m\x1b[Kunused parameter \xe2\x80\x98\x1b[01m\x1b[Ktimeout\x1b[m\x1b[K\xe2\x80\x99 [\x1b[01;35m\x1b[K\x1b]8;;https://gcc.gnu.org/onlinedocs/gcc/Warning-Options.html#index-Wunused-parameter\x07-Wunused-parameter\x1b]8;;\x07\x1b[m\x1b[K]\n'}
[2.019265] (rplidar_ros) StderrLine: {'line': b'  176 | u_result Thread::join(\x1b[01;35m\x1b[Kunsigned long timeout\x1b[m\x1b[K)\n'}
[2.019595] (rplidar_ros) StderrLine: {'line': b'      |                       \x1b[01;35m\x1b[K~~~~~~~~~~~~~~^~~~~~~\x1b[m\x1b[K\n'}
[2.049496] (rplidar_ros) StderrLine: {'line': b'In file included from \x1b[01m\x1b[K/root/ros2_ws/src/ROMI-ROS2/rplidar_ros/sdk/src/dataunpacker/unpacker/handler_normalnode.cpp:40\x1b[m\x1b[K:\n'}
[2.049805] (rplidar_ros) StderrLine: {'line': b'\x1b[01m\x1b[K/root/ros2_ws/src/ROMI-ROS2/rplidar_ros/sdk/src/dataunpacker/unpacker/../dataunpacker.h:\x1b[m\x1b[K In member function \xe2\x80\x98\x1b[01m\x1b[Kvirtual void sl::internal::LIDARSampleDataListener::onCustomSampleDataDecoded(_u8, _u32, const void*, size_t)\x1b[m\x1b[K\xe2\x80\x99:\n'}
[2.049941] (rplidar_ros) StderrLine: {'line': b'\x1b[01m\x1b[K/root/ros2_ws/src/ROMI-ROS2/rplidar_ros/sdk/src/dataunpacker/unpacker/../dataunpacker.h:54:52:\x1b[m\x1b[K \x1b[01;35m\x1b[Kwarning: \x1b[m\x1b[Kunused parameter \xe2\x80\x98\x1b[01m\x1b[KansType\x1b[m\x1b[K\xe2\x80\x99 [\x1b[01;35m\x1b[K\x1b]8;;https://gcc.gnu.org/onlinedocs/gcc/Warning-Options.html#index-Wunused-parameter\x07-Wunused-parameter\x1b]8;;\x07\x1b[m\x1b[K]\n'}
[2.050015] (rplidar_ros) StderrLine: {'line': b'   54 |         virtual void onCustomSampleDataDecoded(\x1b[01;35m\x1b[K_u8 ansType\x1b[m\x1b[K, _u32 customCode, const void* data, size_t size) {}\n'}
[2.050062] (rplidar_ros) StderrLine: {'line': b'      |                                                \x1b[01;35m\x1b[K~~~~^~~~~~~\x1b[m\x1b[K\n'}
[2.050104] (rplidar_ros) StderrLine: {'line': b'\x1b[01m\x1b[K/root/ros2_ws/src/ROMI-ROS2/rplidar_ros/sdk/src/dataunpacker/unpacker/../dataunpacker.h:54:66:\x1b[m\x1b[K \x1b[01;35m\x1b[Kwarning: \x1b[m\x1b[Kunused parameter \xe2\x80\x98\x1b[01m\x1b[KcustomCode\x1b[m\x1b[K\xe2\x80\x99 [\x1b[01;35m\x1b[K\x1b]8;;https://gcc.gnu.org/onlinedocs/gcc/Warning-Options.html#index-Wunused-parameter\x07-Wunused-parameter\x1b]8;;\x07\x1b[m\x1b[K]\n'}
[2.050151] (rplidar_ros) StderrLine: {'line': b'   54 |         virtual void onCustomSampleDataDecoded(_u8 ansType, \x1b[01;35m\x1b[K_u32 customCode\x1b[m\x1b[K, const void* data, size_t size) {}\n'}
[2.050192] (rplidar_ros) StderrLine: {'line': b'      |                                                             \x1b[01;35m\x1b[K~~~~~^~~~~~~~~~\x1b[m\x1b[K\n'}
[2.050242] (rplidar_ros) StderrLine: {'line': b'\x1b[01m\x1b[K/root/ros2_ws/src/ROMI-ROS2/rplidar_ros/sdk/src/dataunpacker/unpacker/../dataunpacker.h:54:90:\x1b[m\x1b[K \x1b[01;35m\x1b[Kwarning: \x1b[m\x1b[Kunused parameter \xe2\x80\x98\x1b[01m\x1b[Kdata\x1b[m\x1b[K\xe2\x80\x99 [\x1b[01;35m\x1b[K\x1b]8;;https://gcc.gnu.org/onlinedocs/gcc/Warning-Options.html#index-Wunused-parameter\x07-Wunused-parameter\x1b]8;;\x07\x1b[m\x1b[K]\n'}
[2.050287] (rplidar_ros) StderrLine: {'line': b'   54 |         virtual void onCustomSampleDataDecoded(_u8 ansType, _u32 customCode, \x1b[01;35m\x1b[Kconst void* data\x1b[m\x1b[K, size_t size) {}\n'}
[2.050342] (rplidar_ros) StderrLine: {'line': b'      |                                                                              \x1b[01;35m\x1b[K~~~~~~~~~~~~^~~~\x1b[m\x1b[K\n'}
[2.050386] (rplidar_ros) StderrLine: {'line': b'\x1b[01m\x1b[K/root/ros2_ws/src/ROMI-ROS2/rplidar_ros/sdk/src/dataunpacker/unpacker/../dataunpacker.h:54:103:\x1b[m\x1b[K \x1b[01;35m\x1b[Kwarning: \x1b[m\x1b[Kunused parameter \xe2\x80\x98\x1b[01m\x1b[Ksize\x1b[m\x1b[K\xe2\x80\x99 [\x1b[01;35m\x1b[K\x1b]8;;https://gcc.gnu.org/onlinedocs/gcc/Warning-Options.html#index-Wunused-parameter\x07-Wunused-parameter\x1b]8;;\x07\x1b[m\x1b[K]\n'}
[2.050432] (rplidar_ros) StderrLine: {'line': b'   54 |         virtual void onCustomSampleDataDecoded(_u8 ansType, _u32 customCode, const void* data, \x1b[01;35m\x1b[Ksize_t size\x1b[m\x1b[K) {}\n'}
[2.050486] (rplidar_ros) StderrLine: {'line': b'      |                                                                                                \x1b[01;35m\x1b[K~~~~~~~^~~~\x1b[m\x1b[K\n'}
[2.050523] (rplidar_ros) StderrLine: {'line': b'\x1b[01m\x1b[K/root/ros2_ws/src/ROMI-ROS2/rplidar_ros/sdk/src/dataunpacker/unpacker/../dataunpacker.h:\x1b[m\x1b[K In member function \xe2\x80\x98\x1b[01m\x1b[Kvirtual void sl::internal::LIDARSampleDataListener::onDecodingError(int, _u8, const void*, size_t)\x1b[m\x1b[K\xe2\x80\x99:\n'}
[2.050569] (rplidar_ros) StderrLine: {'line': b'\x1b[01m\x1b[K/root/ros2_ws/src/ROMI-ROS2/rplidar_ros/sdk/src/dataunpacker/unpacker/../dataunpacker.h:56:42:\x1b[m\x1b[K \x1b[01;35m\x1b[Kwarning: \x1b[m\x1b[Kunused parameter \xe2\x80\x98\x1b[01m\x1b[KerrMsg\x1b[m\x1b[K\xe2\x80\x99 [\x1b[01;35m\x1b[K\x1b]8;;https://gcc.gnu.org/onlinedocs/gcc/Warning-Options.html#index-Wunused-parameter\x07-Wunused-parameter\x1b]8;;\x07\x1b[m\x1b[K]\n'}
[2.050611] (rplidar_ros) StderrLine: {'line': b'   56 |         virtual void onDecodingError(\x1b[01;35m\x1b[Kint errMsg\x1b[m\x1b[K, _u8 ansType, const void* payload, size_t size) {}\n'}
[2.050658] (rplidar_ros) StderrLine: {'line': b'      |                                      \x1b[01;35m\x1b[K~~~~^~~~~~\x1b[m\x1b[K\n'}
[2.052965] (rplidar_ros) StderrLine: {'line': b'\x1b[01m\x1b[K/root/ros2_ws/src/ROMI-ROS2/rplidar_ros/sdk/src/dataunpacker/unpacker/../dataunpacker.h:56:54:\x1b[m\x1b[K \x1b[01;35m\x1b[Kwarning: \x1b[m\x1b[Kunused parameter \xe2\x80\x98\x1b[01m\x1b[KansType\x1b[m\x1b[K\xe2\x80\x99 [\x1b[01;35m\x1b[K\x1b]8;;https://gcc.gnu.org/onlinedocs/gcc/Warning-Options.html#index-Wunused-parameter\x07-Wunused-parameter\x1b]8;;\x07\x1b[m\x1b[K]\n'}
[2.053192] (rplidar_ros) StderrLine: {'line': b'   56 |         virtual void onDecodingError(int errMsg, \x1b[01;35m\x1b[K_u8 ansType\x1b[m\x1b[K, const void* payload, size_t size) {}\n'}
[2.053253] (rplidar_ros) StderrLine: {'line': b'      |                                                  \x1b[01;35m\x1b[K~~~~^~~~~~~\x1b[m\x1b[K\n'}
[2.053298] (rplidar_ros) StderrLine: {'line': b'\x1b[01m\x1b[K/root/ros2_ws/src/ROMI-ROS2/rplidar_ros/sdk/src/dataunpacker/unpacker/../dataunpacker.h:56:75:\x1b[m\x1b[K \x1b[01;35m\x1b[Kwarning: \x1b[m\x1b[Kunused parameter \xe2\x80\x98\x1b[01m\x1b[Kpayload\x1b[m\x1b[K\xe2\x80\x99 [\x1b[01;35m\x1b[K\x1b]8;;https://gcc.gnu.org/onlinedocs/gcc/Warning-Options.html#index-Wunused-parameter\x07-Wunused-parameter\x1b]8;;\x07\x1b[m\x1b[K]\n'}
[2.053345] (rplidar_ros) StderrLine: {'line': b'   56 |         virtual void onDecodingError(int errMsg, _u8 ansType, \x1b[01;35m\x1b[Kconst void* payload\x1b[m\x1b[K, size_t size) {}\n'}
[2.053384] (rplidar_ros) StderrLine: {'line': b'      |                                                               \x1b[01;35m\x1b[K~~~~~~~~~~~~^~~~~~~\x1b[m\x1b[K\n'}
[2.053428] (rplidar_ros) StderrLine: {'line': b'\x1b[01m\x1b[K/root/ros2_ws/src/ROMI-ROS2/rplidar_ros/sdk/src/dataunpacker/unpacker/../dataunpacker.h:56:91:\x1b[m\x1b[K \x1b[01;35m\x1b[Kwarning: \x1b[m\x1b[Kunused parameter \xe2\x80\x98\x1b[01m\x1b[Ksize\x1b[m\x1b[K\xe2\x80\x99 [\x1b[01;35m\x1b[K\x1b]8;;https://gcc.gnu.org/onlinedocs/gcc/Warning-Options.html#index-Wunused-parameter\x07-Wunused-parameter\x1b]8;;\x07\x1b[m\x1b[K]\n'}
[2.053483] (rplidar_ros) StderrLine: {'line': b'   56 |         virtual void onDecodingError(int errMsg, _u8 ansType, const void* payload, \x1b[01;35m\x1b[Ksize_t size\x1b[m\x1b[K) {}\n'}
[2.053522] (rplidar_ros) StderrLine: {'line': b'      |                                                                                    \x1b[01;35m\x1b[K~~~~~~~^~~~\x1b[m\x1b[K\n'}
[2.073493] (rplidar_ros) StderrLine: {'line': b'In file included from \x1b[01m\x1b[K/root/ros2_ws/src/ROMI-ROS2/rplidar_ros/sdk/include/rplidar_protocol.h:36\x1b[m\x1b[K,\n'}
[2.073900] (rplidar_ros) StderrLine: {'line': b'                 from \x1b[01m\x1b[K/root/ros2_ws/src/ROMI-ROS2/rplidar_ros/sdk/include/rplidar.h:39\x1b[m\x1b[K,\n'}
[2.074001] (rplidar_ros) StderrLine: {'line': b'                 from \x1b[01m\x1b[K/root/ros2_ws/src/ROMI-ROS2/rplidar_ros/sdk/src/sdkcommon.h:49\x1b[m\x1b[K,\n'}
[2.074048] (rplidar_ros) StderrLine: {'line': b'                 from \x1b[01m\x1b[K/root/ros2_ws/src/ROMI-ROS2/rplidar_ros/sdk/src/hal/thread.cpp:35\x1b[m\x1b[K:\n'}
[2.074087] (rplidar_ros) StderrLine: {'line': b'\x1b[01m\x1b[K/root/ros2_ws/src/ROMI-ROS2/rplidar_ros/sdk/include/sl_lidar_protocol.h:66:16:\x1b[m\x1b[K \x1b[01;35m\x1b[Kwarning: \x1b[m\x1b[KISO C++ forbids zero-size array \xe2\x80\x98\x1b[01m\x1b[Kdata\x1b[m\x1b[K\xe2\x80\x99 [\x1b[01;35m\x1b[K\x1b]8;;https://gcc.gnu.org/onlinedocs/gcc/Warning-Options.html#index-Wpedantic\x07-Wpedantic\x1b]8;;\x07\x1b[m\x1b[K]\n'}
[2.074132] (rplidar_ros) StderrLine: {'line': b'   66 |     sl_u8 data[\x1b[01;35m\x1b[K0\x1b[m\x1b[K];\n'}
[2.074169] (rplidar_ros) StderrLine: {'line': b'      |                \x1b[01;35m\x1b[K^\x1b[m\x1b[K\n'}
[2.074205] (rplidar_ros) StderrLine: {'line': b'In file included from \x1b[01m\x1b[K/root/ros2_ws/src/ROMI-ROS2/rplidar_ros/sdk/include/rplidar_cmd.h:36\x1b[m\x1b[K,\n'}
[2.074257] (rplidar_ros) StderrLine: {'line': b'                 from \x1b[01m\x1b[K/root/ros2_ws/src/ROMI-ROS2/rplidar_ros/sdk/include/rplidar.h:40\x1b[m\x1b[K,\n'}
[2.074299] (rplidar_ros) StderrLine: {'line': b'                 from \x1b[01m\x1b[K/root/ros2_ws/src/ROMI-ROS2/rplidar_ros/sdk/src/sdkcommon.h:49\x1b[m\x1b[K,\n'}
[2.074340] (rplidar_ros) StderrLine: {'line': b'                 from \x1b[01m\x1b[K/root/ros2_ws/src/ROMI-ROS2/rplidar_ros/sdk/src/hal/thread.cpp:35\x1b[m\x1b[K:\n'}
[2.074379] (rplidar_ros) StderrLine: {'line': b'\x1b[01m\x1b[K/root/ros2_ws/src/ROMI-ROS2/rplidar_ros/sdk/include/sl_lidar_cmd.h:324:20:\x1b[m\x1b[K \x1b[01;35m\x1b[Kwarning: \x1b[m\x1b[KISO C++ forbids zero-size array \xe2\x80\x98\x1b[01m\x1b[Kpayload\x1b[m\x1b[K\xe2\x80\x99 [\x1b[01;35m\x1b[K\x1b]8;;https://gcc.gnu.org/onlinedocs/gcc/Warning-Options.html#index-Wpedantic\x07-Wpedantic\x1b]8;;\x07\x1b[m\x1b[K]\n'}
[2.074431] (rplidar_ros) StderrLine: {'line': b'  324 |     sl_u8  payload[\x1b[01;35m\x1b[K0\x1b[m\x1b[K];\n'}
[2.074476] (rplidar_ros) StderrLine: {'line': b'      |                    \x1b[01;35m\x1b[K^\x1b[m\x1b[K\n'}
[2.076232] (rplidar_ros) StderrLine: {'line': b'In file included from \x1b[01m\x1b[K/root/ros2_ws/src/ROMI-ROS2/rplidar_ros/sdk/include/rplidar_protocol.h:36\x1b[m\x1b[K,\n'}
[2.076399] (rplidar_ros) StderrLine: {'line': b'                 from \x1b[01m\x1b[K/root/ros2_ws/src/ROMI-ROS2/rplidar_ros/sdk/include/rplidar.h:39\x1b[m\x1b[K,\n'}
[2.076467] (rplidar_ros) StderrLine: {'line': b'                 from \x1b[01m\x1b[K/root/ros2_ws/src/ROMI-ROS2/rplidar_ros/sdk/src/sdkcommon.h:49\x1b[m\x1b[K,\n'}
[2.076519] (rplidar_ros) StderrLine: {'line': b'                 from \x1b[01m\x1b[K/root/ros2_ws/src/ROMI-ROS2/rplidar_ros/sdk/src/rplidar_driver.cpp:33\x1b[m\x1b[K:\n'}
[2.076563] (rplidar_ros) StderrLine: {'line': b'\x1b[01m\x1b[K/root/ros2_ws/src/ROMI-ROS2/rplidar_ros/sdk/include/sl_lidar_protocol.h:66:16:\x1b[m\x1b[K \x1b[01;35m\x1b[Kwarning: \x1b[m\x1b[KISO C++ forbids zero-size array \xe2\x80\x98\x1b[01m\x1b[Kdata\x1b[m\x1b[K\xe2\x80\x99 [\x1b[01;35m\x1b[K\x1b]8;;https://gcc.gnu.org/onlinedocs/gcc/Warning-Options.html#index-Wpedantic\x07-Wpedantic\x1b]8;;\x07\x1b[m\x1b[K]\n'}
[2.076617] (rplidar_ros) StderrLine: {'line': b'   66 |     sl_u8 data[\x1b[01;35m\x1b[K0\x1b[m\x1b[K];\n'}
[2.076659] (rplidar_ros) StderrLine: {'line': b'      |                \x1b[01;35m\x1b[K^\x1b[m\x1b[K\n'}
[2.076975] (rplidar_ros) StderrLine: {'line': b'In file included from \x1b[01m\x1b[K/root/ros2_ws/src/ROMI-ROS2/rplidar_ros/sdk/include/rplidar_cmd.h:36\x1b[m\x1b[K,\n'}
[2.077160] (rplidar_ros) StderrLine: {'line': b'                 from \x1b[01m\x1b[K/root/ros2_ws/src/ROMI-ROS2/rplidar_ros/sdk/include/rplidar.h:40\x1b[m\x1b[K,\n'}
[2.079593] (rplidar_ros) StderrLine: {'line': b'                 from \x1b[01m\x1b[K/root/ros2_ws/src/ROMI-ROS2/rplidar_ros/sdk/src/sdkcommon.h:49\x1b[m\x1b[K,\n'}
[2.079697] (rplidar_ros) StderrLine: {'line': b'                 from \x1b[01m\x1b[K/root/ros2_ws/src/ROMI-ROS2/rplidar_ros/sdk/src/rplidar_driver.cpp:33\x1b[m\x1b[K:\n'}
[2.079748] (rplidar_ros) StderrLine: {'line': b'\x1b[01m\x1b[K/root/ros2_ws/src/ROMI-ROS2/rplidar_ros/sdk/include/sl_lidar_cmd.h:324:20:\x1b[m\x1b[K \x1b[01;35m\x1b[Kwarning: \x1b[m\x1b[KISO C++ forbids zero-size array \xe2\x80\x98\x1b[01m\x1b[Kpayload\x1b[m\x1b[K\xe2\x80\x99 [\x1b[01;35m\x1b[K\x1b]8;;https://gcc.gnu.org/onlinedocs/gcc/Warning-Options.html#index-Wpedantic\x07-Wpedantic\x1b]8;;\x07\x1b[m\x1b[K]\n'}
[2.079799] (rplidar_ros) StderrLine: {'line': b'  324 |     sl_u8  payload[\x1b[01;35m\x1b[K0\x1b[m\x1b[K];\n'}
[2.079841] (rplidar_ros) StderrLine: {'line': b'      |                    \x1b[01;35m\x1b[K^\x1b[m\x1b[K\n'}
[2.105653] (rplidar_ros) StdoutLine: {'line': b'[ 57%] \x1b[32mBuilding CXX object CMakeFiles/rplidar_composition.dir/sdk/src/sl_async_transceiver.cpp.o\x1b[0m\n'}
[2.106726] (-) TimerEvent: {}
[2.134529] (rplidar_ros) StderrLine: {'line': b'In file included from \x1b[01m\x1b[K/root/ros2_ws/src/ROMI-ROS2/rplidar_ros/sdk/src/hal/thread.cpp:43\x1b[m\x1b[K:\n'}
[2.134926] (rplidar_ros) StderrLine: {'line': b'\x1b[01m\x1b[K/root/ros2_ws/src/ROMI-ROS2/rplidar_ros/sdk/src/arch/linux/thread.hpp:\x1b[m\x1b[K In static member function \xe2\x80\x98\x1b[01m\x1b[Kstatic rp::hal::Thread rp::hal::Thread::create(thread_proc_t, void*)\x1b[m\x1b[K\xe2\x80\x99:\n'}
[2.135084] (rplidar_ros) StderrLine: {'line': b'\x1b[01m\x1b[K/root/ros2_ws/src/ROMI-ROS2/rplidar_ros/sdk/src/arch/linux/thread.hpp:52:57:\x1b[m\x1b[K \x1b[01;35m\x1b[Kwarning: \x1b[m\x1b[Kcast between incompatible function types from \xe2\x80\x98\x1b[01m\x1b[Kthread_proc_t\x1b[m\x1b[K\xe2\x80\x99 {aka \xe2\x80\x98\x1b[01m\x1b[Klong unsigned int (*)(void*)\x1b[m\x1b[K\xe2\x80\x99} to \xe2\x80\x98\x1b[01m\x1b[Kvoid* (*)(void*)\x1b[m\x1b[K\xe2\x80\x99 [\x1b[01;35m\x1b[K\x1b]8;;https://gcc.gnu.org/onlinedocs/gcc/Warning-Options.html#index-Wcast-function-type\x07-Wcast-function-type\x1b]8;;\x07\x1b[m\x1b[K]\n'}
[2.135188] (rplidar_ros) StderrLine: {'line': b'   52 |     pthread_create((pthread_t *)&newborn._handle, NULL, \x1b[01;35m\x1b[K(void * (*)(void *))proc\x1b[m\x1b[K, data);\n'}
[2.135274] (rplidar_ros) StderrLine: {'line': b'      |                                                         \x1b[01;35m\x1b[K^~~~~~~~~~~~~~~~~~~~~~~~\x1b[m\x1b[K\n'}
[2.137494] (rplidar_ros) StderrLine: {'line': b'\x1b[01m\x1b[K/root/ros2_ws/src/ROMI-ROS2/rplidar_ros/sdk/src/arch/linux/thread.hpp:\x1b[m\x1b[K In member function \xe2\x80\x98\x1b[01m\x1b[Ku_result rp::hal::Thread::join(long unsigned int)\x1b[m\x1b[K\xe2\x80\x99:\n'}
[2.137770] (rplidar_ros) StderrLine: {'line': b'\x1b[01m\x1b[K/root/ros2_ws/src/ROMI-ROS2/rplidar_ros/sdk/src/arch/linux/thread.hpp:176:37:\x1b[m\x1b[K \x1b[01;35m\x1b[Kwarning: \x1b[m\x1b[Kunused parameter \xe2\x80\x98\x1b[01m\x1b[Ktimeout\x1b[m\x1b[K\xe2\x80\x99 [\x1b[01;35m\x1b[K\x1b]8;;https://gcc.gnu.org/onlinedocs/gcc/Warning-Options.html#index-Wunused-parameter\x07-Wunused-parameter\x1b]8;;\x07\x1b[m\x1b[K]\n'}
[2.137892] (rplidar_ros) StderrLine: {'line': b'  176 | u_result Thread::join(\x1b[01;35m\x1b[Kunsigned long timeout\x1b[m\x1b[K)\n'}
[2.137999] (rplidar_ros) StderrLine: {'line': b'      |                       \x1b[01;35m\x1b[K~~~~~~~~~~~~~~^~~~~~~\x1b[m\x1b[K\n'}
[2.154813] (rplidar_ros) StdoutLine: {'line': b'[ 60%] \x1b[32mBuilding CXX object CMakeFiles/rplidar_composition.dir/sdk/src/sl_crc.cpp.o\x1b[0m\n'}
[2.158508] (rplidar_ros) StderrLine: {'line': b'In file included from \x1b[01m\x1b[K/root/ros2_ws/src/ROMI-ROS2/rplidar_ros/sdk/src/dataunpacker/unpacker/handler_normalnode.cpp:40\x1b[m\x1b[K:\n'}
[2.158859] (rplidar_ros) StderrLine: {'line': b'\x1b[01m\x1b[K/root/ros2_ws/src/ROMI-ROS2/rplidar_ros/sdk/src/dataunpacker/unpacker/../dataunpacker.h:\x1b[m\x1b[K In member function \xe2\x80\x98\x1b[01m\x1b[Kvirtual void sl::internal::LIDARSampleDataListener::onCustomSampleDataDecoded(_u8, _u32, const void*, size_t)\x1b[m\x1b[K\xe2\x80\x99:\n'}
[2.159020] (rplidar_ros) StderrLine: {'line': b'\x1b[01m\x1b[K/root/ros2_ws/src/ROMI-ROS2/rplidar_ros/sdk/src/dataunpacker/unpacker/../dataunpacker.h:54:52:\x1b[m\x1b[K \x1b[01;35m\x1b[Kwarning: \x1b[m\x1b[Kunused parameter \xe2\x80\x98\x1b[01m\x1b[KansType\x1b[m\x1b[K\xe2\x80\x99 [\x1b[01;35m\x1b[K\x1b]8;;https://gcc.gnu.org/onlinedocs/gcc/Warning-Options.html#index-Wunused-parameter\x07-Wunused-parameter\x1b]8;;\x07\x1b[m\x1b[K]\n'}
[2.159123] (rplidar_ros) StderrLine: {'line': b'   54 |         virtual void onCustomSampleDataDecoded(\x1b[01;35m\x1b[K_u8 ansType\x1b[m\x1b[K, _u32 customCode, const void* data, size_t size) {}\n'}
[2.159231] (rplidar_ros) StderrLine: {'line': b'      |                                                \x1b[01;35m\x1b[K~~~~^~~~~~~\x1b[m\x1b[K\n'}
[2.159318] (rplidar_ros) StderrLine: {'line': b'\x1b[01m\x1b[K/root/ros2_ws/src/ROMI-ROS2/rplidar_ros/sdk/src/dataunpacker/unpacker/../dataunpacker.h:54:66:\x1b[m\x1b[K \x1b[01;35m\x1b[Kwarning: \x1b[m\x1b[Kunused parameter \xe2\x80\x98\x1b[01m\x1b[KcustomCode\x1b[m\x1b[K\xe2\x80\x99 [\x1b[01;35m\x1b[K\x1b]8;;https://gcc.gnu.org/onlinedocs/gcc/Warning-Options.html#index-Wunused-parameter\x07-Wunused-parameter\x1b]8;;\x07\x1b[m\x1b[K]\n'}
[2.159414] (rplidar_ros) StderrLine: {'line': b'   54 |         virtual void onCustomSampleDataDecoded(_u8 ansType, \x1b[01;35m\x1b[K_u32 customCode\x1b[m\x1b[K, const void* data, size_t size) {}\n'}
[2.159519] (rplidar_ros) StderrLine: {'line': b'      |                                                             \x1b[01;35m\x1b[K~~~~~^~~~~~~~~~\x1b[m\x1b[K\n'}
[2.159603] (rplidar_ros) StderrLine: {'line': b'\x1b[01m\x1b[K/root/ros2_ws/src/ROMI-ROS2/rplidar_ros/sdk/src/dataunpacker/unpacker/../dataunpacker.h:54:90:\x1b[m\x1b[K \x1b[01;35m\x1b[Kwarning: \x1b[m\x1b[Kunused parameter \xe2\x80\x98\x1b[01m\x1b[Kdata\x1b[m\x1b[K\xe2\x80\x99 [\x1b[01;35m\x1b[K\x1b]8;;https://gcc.gnu.org/onlinedocs/gcc/Warning-Options.html#index-Wunused-parameter\x07-Wunused-parameter\x1b]8;;\x07\x1b[m\x1b[K]\n'}
[2.159688] (rplidar_ros) StderrLine: {'line': b'   54 |         virtual void onCustomSampleDataDecoded(_u8 ansType, _u32 customCode, \x1b[01;35m\x1b[Kconst void* data\x1b[m\x1b[K, size_t size) {}\n'}
[2.159765] (rplidar_ros) StderrLine: {'line': b'      |                                                                              \x1b[01;35m\x1b[K~~~~~~~~~~~~^~~~\x1b[m\x1b[K\n'}
[2.159843] (rplidar_ros) StderrLine: {'line': b'\x1b[01m\x1b[K/root/ros2_ws/src/ROMI-ROS2/rplidar_ros/sdk/src/dataunpacker/unpacker/../dataunpacker.h:54:103:\x1b[m\x1b[K \x1b[01;35m\x1b[Kwarning: \x1b[m\x1b[Kunused parameter \xe2\x80\x98\x1b[01m\x1b[Ksize\x1b[m\x1b[K\xe2\x80\x99 [\x1b[01;35m\x1b[K\x1b]8;;https://gcc.gnu.org/onlinedocs/gcc/Warning-Options.html#index-Wunused-parameter\x07-Wunused-parameter\x1b]8;;\x07\x1b[m\x1b[K]\n'}
[2.159927] (rplidar_ros) StderrLine: {'line': b'   54 |         virtual void onCustomSampleDataDecoded(_u8 ansType, _u32 customCode, const void* data, \x1b[01;35m\x1b[Ksize_t size\x1b[m\x1b[K) {}\n'}
[2.160002] (rplidar_ros) StderrLine: {'line': b'      |                                                                                                \x1b[01;35m\x1b[K~~~~~~~^~~~\x1b[m\x1b[K\n'}
[2.160078] (rplidar_ros) StderrLine: {'line': b'\x1b[01m\x1b[K/root/ros2_ws/src/ROMI-ROS2/rplidar_ros/sdk/src/dataunpacker/unpacker/../dataunpacker.h:\x1b[m\x1b[K In member function \xe2\x80\x98\x1b[01m\x1b[Kvirtual void sl::internal::LIDARSampleDataListener::onDecodingError(int, _u8, const void*, size_t)\x1b[m\x1b[K\xe2\x80\x99:\n'}
[2.160168] (rplidar_ros) StderrLine: {'line': b'\x1b[01m\x1b[K/root/ros2_ws/src/ROMI-ROS2/rplidar_ros/sdk/src/dataunpacker/unpacker/../dataunpacker.h:56:42:\x1b[m\x1b[K \x1b[01;35m\x1b[Kwarning: \x1b[m\x1b[Kunused parameter \xe2\x80\x98\x1b[01m\x1b[KerrMsg\x1b[m\x1b[K\xe2\x80\x99 [\x1b[01;35m\x1b[K\x1b]8;;https://gcc.gnu.org/onlinedocs/gcc/Warning-Options.html#index-Wunused-parameter\x07-Wunused-parameter\x1b]8;;\x07\x1b[m\x1b[K]\n'}
[2.160249] (rplidar_ros) StderrLine: {'line': b'   56 |         virtual void onDecodingError(\x1b[01;35m\x1b[Kint errMsg\x1b[m\x1b[K, _u8 ansType, const void* payload, size_t size) {}\n'}
[2.160324] (rplidar_ros) StderrLine: {'line': b'      |                                      \x1b[01;35m\x1b[K~~~~^~~~~~\x1b[m\x1b[K\n'}
[2.160396] (rplidar_ros) StderrLine: {'line': b'\x1b[01m\x1b[K/root/ros2_ws/src/ROMI-ROS2/rplidar_ros/sdk/src/dataunpacker/unpacker/../dataunpacker.h:56:54:\x1b[m\x1b[K \x1b[01;35m\x1b[Kwarning: \x1b[m\x1b[Kunused parameter \xe2\x80\x98\x1b[01m\x1b[KansType\x1b[m\x1b[K\xe2\x80\x99 [\x1b[01;35m\x1b[K\x1b]8;;https://gcc.gnu.org/onlinedocs/gcc/Warning-Options.html#index-Wunused-parameter\x07-Wunused-parameter\x1b]8;;\x07\x1b[m\x1b[K]\n'}
[2.160488] (rplidar_ros) StderrLine: {'line': b'   56 |         virtual void onDecodingError(int errMsg, \x1b[01;35m\x1b[K_u8 ansType\x1b[m\x1b[K, const void* payload, size_t size) {}\n'}
[2.160565] (rplidar_ros) StderrLine: {'line': b'      |                                                  \x1b[01;35m\x1b[K~~~~^~~~~~~\x1b[m\x1b[K\n'}
[2.160638] (rplidar_ros) StderrLine: {'line': b'\x1b[01m\x1b[K/root/ros2_ws/src/ROMI-ROS2/rplidar_ros/sdk/src/dataunpacker/unpacker/../dataunpacker.h:56:75:\x1b[m\x1b[K \x1b[01;35m\x1b[Kwarning: \x1b[m\x1b[Kunused parameter \xe2\x80\x98\x1b[01m\x1b[Kpayload\x1b[m\x1b[K\xe2\x80\x99 [\x1b[01;35m\x1b[K\x1b]8;;https://gcc.gnu.org/onlinedocs/gcc/Warning-Options.html#index-Wunused-parameter\x07-Wunused-parameter\x1b]8;;\x07\x1b[m\x1b[K]\n'}
[2.160713] (rplidar_ros) StderrLine: {'line': b'   56 |         virtual void onDecodingError(int errMsg, _u8 ansType, \x1b[01;35m\x1b[Kconst void* payload\x1b[m\x1b[K, size_t size) {}\n'}
[2.160784] (rplidar_ros) StderrLine: {'line': b'      |                                                               \x1b[01;35m\x1b[K~~~~~~~~~~~~^~~~~~~\x1b[m\x1b[K\n'}
[2.160857] (rplidar_ros) StderrLine: {'line': b'\x1b[01m\x1b[K/root/ros2_ws/src/ROMI-ROS2/rplidar_ros/sdk/src/dataunpacker/unpacker/../dataunpacker.h:56:91:\x1b[m\x1b[K \x1b[01;35m\x1b[Kwarning: \x1b[m\x1b[Kunused parameter \xe2\x80\x98\x1b[01m\x1b[Ksize\x1b[m\x1b[K\xe2\x80\x99 [\x1b[01;35m\x1b[K\x1b]8;;https://gcc.gnu.org/onlinedocs/gcc/Warning-Options.html#index-Wunused-parameter\x07-Wunused-parameter\x1b]8;;\x07\x1b[m\x1b[K]\n'}
[2.160934] (rplidar_ros) StderrLine: {'line': b'   56 |         virtual void onDecodingError(int errMsg, _u8 ansType, const void* payload, \x1b[01;35m\x1b[Ksize_t size\x1b[m\x1b[K) {}\n'}
[2.161007] (rplidar_ros) StderrLine: {'line': b'      |                                                                                    \x1b[01;35m\x1b[K~~~~~~~^~~~\x1b[m\x1b[K\n'}
[2.169863] (rplidar_ros) StderrLine: {'line': b'In file included from \x1b[01m\x1b[K/root/ros2_ws/src/ROMI-ROS2/rplidar_ros/sdk/src/dataunpacker/unpacker/handler_capsules.cpp:40\x1b[m\x1b[K:\n'}
[2.170997] (rplidar_ros) StderrLine: {'line': b'\x1b[01m\x1b[K/root/ros2_ws/src/ROMI-ROS2/rplidar_ros/sdk/src/dataunpacker/unpacker/../dataunpacker.h:\x1b[m\x1b[K In member function \xe2\x80\x98\x1b[01m\x1b[Kvirtual void sl::internal::LIDARSampleDataListener::onCustomSampleDataDecoded(_u8, _u32, const void*, size_t)\x1b[m\x1b[K\xe2\x80\x99:\n'}
[2.171143] (rplidar_ros) StderrLine: {'line': b'\x1b[01m\x1b[K/root/ros2_ws/src/ROMI-ROS2/rplidar_ros/sdk/src/dataunpacker/unpacker/../dataunpacker.h:54:52:\x1b[m\x1b[K \x1b[01;35m\x1b[Kwarning: \x1b[m\x1b[Kunused parameter \xe2\x80\x98\x1b[01m\x1b[KansType\x1b[m\x1b[K\xe2\x80\x99 [\x1b[01;35m\x1b[K\x1b]8;;https://gcc.gnu.org/onlinedocs/gcc/Warning-Options.html#index-Wunused-parameter\x07-Wunused-parameter\x1b]8;;\x07\x1b[m\x1b[K]\n'}
[2.171232] (rplidar_ros) StderrLine: {'line': b'   54 |         virtual void onCustomSampleDataDecoded(\x1b[01;35m\x1b[K_u8 ansType\x1b[m\x1b[K, _u32 customCode, const void* data, size_t size) {}\n'}
[2.171283] (rplidar_ros) StderrLine: {'line': b'      |                                                \x1b[01;35m\x1b[K~~~~^~~~~~~\x1b[m\x1b[K\n'}
[2.174505] (rplidar_ros) StderrLine: {'line': b'\x1b[01m\x1b[K/root/ros2_ws/src/ROMI-ROS2/rplidar_ros/sdk/src/dataunpacker/unpacker/../dataunpacker.h:54:66:\x1b[m\x1b[K \x1b[01;35m\x1b[Kwarning: \x1b[m\x1b[Kunused parameter \xe2\x80\x98\x1b[01m\x1b[KcustomCode\x1b[m\x1b[K\xe2\x80\x99 [\x1b[01;35m\x1b[K\x1b]8;;https://gcc.gnu.org/onlinedocs/gcc/Warning-Options.html#index-Wunused-parameter\x07-Wunused-parameter\x1b]8;;\x07\x1b[m\x1b[K]\n'}
[2.174749] (rplidar_ros) StderrLine: {'line': b'   54 |         virtual void onCustomSampleDataDecoded(_u8 ansType, \x1b[01;35m\x1b[K_u32 customCode\x1b[m\x1b[K, const void* data, size_t size) {}\n'}
[2.174844] (rplidar_ros) StderrLine: {'line': b'      |                                                             \x1b[01;35m\x1b[K~~~~~^~~~~~~~~~\x1b[m\x1b[K\n'}
[2.174905] (rplidar_ros) StderrLine: {'line': b'\x1b[01m\x1b[K/root/ros2_ws/src/ROMI-ROS2/rplidar_ros/sdk/src/dataunpacker/unpacker/../dataunpacker.h:54:90:\x1b[m\x1b[K \x1b[01;35m\x1b[Kwarning: \x1b[m\x1b[Kunused parameter \xe2\x80\x98\x1b[01m\x1b[Kdata\x1b[m\x1b[K\xe2\x80\x99 [\x1b[01;35m\x1b[K\x1b]8;;https://gcc.gnu.org/onlinedocs/gcc/Warning-Options.html#index-Wunused-parameter\x07-Wunused-parameter\x1b]8;;\x07\x1b[m\x1b[K]\n'}
[2.174968] (rplidar_ros) StderrLine: {'line': b'   54 |         virtual void onCustomSampleDataDecoded(_u8 ansType, _u32 customCode, \x1b[01;35m\x1b[Kconst void* data\x1b[m\x1b[K, size_t size) {}\n'}
[2.175015] (rplidar_ros) StderrLine: {'line': b'      |                                                                              \x1b[01;35m\x1b[K~~~~~~~~~~~~^~~~\x1b[m\x1b[K\n'}
[2.175071] (rplidar_ros) StderrLine: {'line': b'\x1b[01m\x1b[K/root/ros2_ws/src/ROMI-ROS2/rplidar_ros/sdk/src/dataunpacker/unpacker/../dataunpacker.h:54:103:\x1b[m\x1b[K \x1b[01;35m\x1b[Kwarning: \x1b[m\x1b[Kunused parameter \xe2\x80\x98\x1b[01m\x1b[Ksize\x1b[m\x1b[K\xe2\x80\x99 [\x1b[01;35m\x1b[K\x1b]8;;https://gcc.gnu.org/onlinedocs/gcc/Warning-Options.html#index-Wunused-parameter\x07-Wunused-parameter\x1b]8;;\x07\x1b[m\x1b[K]\n'}
[2.175125] (rplidar_ros) StderrLine: {'line': b'   54 |         virtual void onCustomSampleDataDecoded(_u8 ansType, _u32 customCode, const void* data, \x1b[01;35m\x1b[Ksize_t size\x1b[m\x1b[K) {}\n'}
[2.175168] (rplidar_ros) StderrLine: {'line': b'      |                                                                                                \x1b[01;35m\x1b[K~~~~~~~^~~~\x1b[m\x1b[K\n'}
[2.175220] (rplidar_ros) StderrLine: {'line': b'\x1b[01m\x1b[K/root/ros2_ws/src/ROMI-ROS2/rplidar_ros/sdk/src/dataunpacker/unpacker/../dataunpacker.h:\x1b[m\x1b[K In member function \xe2\x80\x98\x1b[01m\x1b[Kvirtual void sl::internal::LIDARSampleDataListener::onDecodingError(int, _u8, const void*, size_t)\x1b[m\x1b[K\xe2\x80\x99:\n'}
[2.175285] (rplidar_ros) StderrLine: {'line': b'\x1b[01m\x1b[K/root/ros2_ws/src/ROMI-ROS2/rplidar_ros/sdk/src/dataunpacker/unpacker/../dataunpacker.h:56:42:\x1b[m\x1b[K \x1b[01;35m\x1b[Kwarning: \x1b[m\x1b[Kunused parameter \xe2\x80\x98\x1b[01m\x1b[KerrMsg\x1b[m\x1b[K\xe2\x80\x99 [\x1b[01;35m\x1b[K\x1b]8;;https://gcc.gnu.org/onlinedocs/gcc/Warning-Options.html#index-Wunused-parameter\x07-Wunused-parameter\x1b]8;;\x07\x1b[m\x1b[K]\n'}
[2.175340] (rplidar_ros) StderrLine: {'line': b'   56 |         virtual void onDecodingError(\x1b[01;35m\x1b[Kint errMsg\x1b[m\x1b[K, _u8 ansType, const void* payload, size_t size) {}\n'}
[2.175384] (rplidar_ros) StderrLine: {'line': b'      |                                      \x1b[01;35m\x1b[K~~~~^~~~~~\x1b[m\x1b[K\n'}
[2.175455] (rplidar_ros) StderrLine: {'line': b'\x1b[01m\x1b[K/root/ros2_ws/src/ROMI-ROS2/rplidar_ros/sdk/src/dataunpacker/unpacker/../dataunpacker.h:56:54:\x1b[m\x1b[K \x1b[01;35m\x1b[Kwarning: \x1b[m\x1b[Kunused parameter \xe2\x80\x98\x1b[01m\x1b[KansType\x1b[m\x1b[K\xe2\x80\x99 [\x1b[01;35m\x1b[K\x1b]8;;https://gcc.gnu.org/onlinedocs/gcc/Warning-Options.html#index-Wunused-parameter\x07-Wunused-parameter\x1b]8;;\x07\x1b[m\x1b[K]\n'}
[2.175515] (rplidar_ros) StderrLine: {'line': b'   56 |         virtual void onDecodingError(int errMsg, \x1b[01;35m\x1b[K_u8 ansType\x1b[m\x1b[K, const void* payload, size_t size) {}\n'}
[2.175557] (rplidar_ros) StderrLine: {'line': b'      |                                                  \x1b[01;35m\x1b[K~~~~^~~~~~~\x1b[m\x1b[K\n'}
[2.175614] (rplidar_ros) StderrLine: {'line': b'\x1b[01m\x1b[K/root/ros2_ws/src/ROMI-ROS2/rplidar_ros/sdk/src/dataunpacker/unpacker/../dataunpacker.h:56:75:\x1b[m\x1b[K \x1b[01;35m\x1b[Kwarning: \x1b[m\x1b[Kunused parameter \xe2\x80\x98\x1b[01m\x1b[Kpayload\x1b[m\x1b[K\xe2\x80\x99 [\x1b[01;35m\x1b[K\x1b]8;;https://gcc.gnu.org/onlinedocs/gcc/Warning-Options.html#index-Wunused-parameter\x07-Wunused-parameter\x1b]8;;\x07\x1b[m\x1b[K]\n'}
[2.175672] (rplidar_ros) StderrLine: {'line': b'   56 |         virtual void onDecodingError(int errMsg, _u8 ansType, \x1b[01;35m\x1b[Kconst void* payload\x1b[m\x1b[K, size_t size) {}\n'}
[2.175715] (rplidar_ros) StderrLine: {'line': b'      |                                                               \x1b[01;35m\x1b[K~~~~~~~~~~~~^~~~~~~\x1b[m\x1b[K\n'}
[2.175769] (rplidar_ros) StderrLine: {'line': b'\x1b[01m\x1b[K/root/ros2_ws/src/ROMI-ROS2/rplidar_ros/sdk/src/dataunpacker/unpacker/../dataunpacker.h:56:91:\x1b[m\x1b[K \x1b[01;35m\x1b[Kwarning: \x1b[m\x1b[Kunused parameter \xe2\x80\x98\x1b[01m\x1b[Ksize\x1b[m\x1b[K\xe2\x80\x99 [\x1b[01;35m\x1b[K\x1b]8;;https://gcc.gnu.org/onlinedocs/gcc/Warning-Options.html#index-Wunused-parameter\x07-Wunused-parameter\x1b]8;;\x07\x1b[m\x1b[K]\n'}
[2.175828] (rplidar_ros) StderrLine: {'line': b'   56 |         virtual void onDecodingError(int errMsg, _u8 ansType, const void* payload, \x1b[01;35m\x1b[Ksize_t size\x1b[m\x1b[K) {}\n'}
[2.176036] (rplidar_ros) StderrLine: {'line': b'      |                                                                                    \x1b[01;35m\x1b[K~~~~~~~^~~~\x1b[m\x1b[K\n'}
[2.180318] (rplidar_ros) StderrLine: {'line': b'\x1b[01m\x1b[K/root/ros2_ws/src/ROMI-ROS2/rplidar_ros/sdk/src/dataunpacker/unpacker/handler_capsules.cpp:\x1b[m\x1b[K In member function \xe2\x80\x98\x1b[01m\x1b[Kvoid sl::internal::unpacker::UnpackerHandler_DenseCapsuleNode::_onScanNodeDenseCapsuleData(rplidar_response_dense_capsule_measurement_nodes_t&, sl::internal::LIDARSampleDataUnpackerInner*)\x1b[m\x1b[K\xe2\x80\x99:\n'}
[2.180935] (rplidar_ros) StderrLine: {'line': b'\x1b[01m\x1b[K/root/ros2_ws/src/ROMI-ROS2/rplidar_ros/sdk/src/dataunpacker/unpacker/handler_capsules.cpp:763:30:\x1b[m\x1b[K \x1b[01;35m\x1b[Kwarning: \x1b[m\x1b[Ktype qualifiers ignored on cast result type [\x1b[01;35m\x1b[K\x1b]8;;https://gcc.gnu.org/onlinedocs/gcc/Warning-Options.html#index-Wignored-qualifiers\x07-Wignored-qualifiers\x1b]8;;\x07\x1b[m\x1b[K]\n'}
[2.182198] (rplidar_ros) StderrLine: {'line': b'  763 |             const int dist = \x1b[01;35m\x1b[Kstatic_cast<const int>(_cached_previous_dense_capsuledata.cabins[pos].distance)\x1b[m\x1b[K;\n'}
[2.182317] (rplidar_ros) StderrLine: {'line': b'      |                              \x1b[01;35m\x1b[K^~~~~~~~~~~~~~~~~~~~~~~~~~~~~~~~~~~~~~~~~~~~~~~~~~~~~~~~~~~~~~~~~~~~~~~~~~~~~~~\x1b[m\x1b[K\n'}
[2.187971] (rplidar_ros) StdoutLine: {'line': b'[ 63%] \x1b[32mBuilding CXX object CMakeFiles/rplidar_composition.dir/sdk/src/sl_lidar_driver.cpp.o\x1b[0m\n'}
[2.195543] (rplidar_ros) StderrLine: {'line': b'In file included from \x1b[01m\x1b[K/root/ros2_ws/src/ROMI-ROS2/rplidar_ros/sdk/include/sl_lidar_cmd.h:41\x1b[m\x1b[K,\n'}
[2.195829] (rplidar_ros) StderrLine: {'line': b'                 from \x1b[01m\x1b[K/root/ros2_ws/src/ROMI-ROS2/rplidar_ros/sdk/include/sl_crc.h:36\x1b[m\x1b[K,\n'}
[2.195946] (rplidar_ros) StderrLine: {'line': b'                 from \x1b[01m\x1b[K/root/ros2_ws/src/ROMI-ROS2/rplidar_ros/sdk/src/sl_crc.cpp:33\x1b[m\x1b[K:\n'}
[2.195998] (rplidar_ros) StderrLine: {'line': b'\x1b[01m\x1b[K/root/ros2_ws/src/ROMI-ROS2/rplidar_ros/sdk/include/sl_lidar_protocol.h:66:16:\x1b[m\x1b[K \x1b[01;35m\x1b[Kwarning: \x1b[m\x1b[KISO C++ forbids zero-size array \xe2\x80\x98\x1b[01m\x1b[Kdata\x1b[m\x1b[K\xe2\x80\x99 [\x1b[01;35m\x1b[K\x1b]8;;https://gcc.gnu.org/onlinedocs/gcc/Warning-Options.html#index-Wpedantic\x07-Wpedantic\x1b]8;;\x07\x1b[m\x1b[K]\n'}
[2.196054] (rplidar_ros) StderrLine: {'line': b'   66 |     sl_u8 data[\x1b[01;35m\x1b[K0\x1b[m\x1b[K];\n'}
[2.196095] (rplidar_ros) StderrLine: {'line': b'      |                \x1b[01;35m\x1b[K^\x1b[m\x1b[K\n'}
[2.197720] (rplidar_ros) StderrLine: {'line': b'In file included from \x1b[01m\x1b[K/root/ros2_ws/src/ROMI-ROS2/rplidar_ros/sdk/include/sl_crc.h:36\x1b[m\x1b[K,\n'}
[2.200007] (rplidar_ros) StderrLine: {'line': b'                 from \x1b[01m\x1b[K/root/ros2_ws/src/ROMI-ROS2/rplidar_ros/sdk/src/sl_crc.cpp:33\x1b[m\x1b[K:\n'}
[2.200113] (rplidar_ros) StderrLine: {'line': b'\x1b[01m\x1b[K/root/ros2_ws/src/ROMI-ROS2/rplidar_ros/sdk/include/sl_lidar_cmd.h:324:20:\x1b[m\x1b[K \x1b[01;35m\x1b[Kwarning: \x1b[m\x1b[KISO C++ forbids zero-size array \xe2\x80\x98\x1b[01m\x1b[Kpayload\x1b[m\x1b[K\xe2\x80\x99 [\x1b[01;35m\x1b[K\x1b]8;;https://gcc.gnu.org/onlinedocs/gcc/Warning-Options.html#index-Wpedantic\x07-Wpedantic\x1b]8;;\x07\x1b[m\x1b[K]\n'}
[2.200173] (rplidar_ros) StderrLine: {'line': b'  324 |     sl_u8  payload[\x1b[01;35m\x1b[K0\x1b[m\x1b[K];\n'}
[2.200219] (rplidar_ros) StderrLine: {'line': b'      |                    \x1b[01;35m\x1b[K^\x1b[m\x1b[K\n'}
[2.206855] (-) TimerEvent: {}
[2.224978] (rplidar_ros) StderrLine: {'line': b'In file included from \x1b[01m\x1b[K/root/ros2_ws/src/ROMI-ROS2/rplidar_ros/sdk/src/dataunpacker/unpacker/handler_hqnode.cpp:40\x1b[m\x1b[K:\n'}
[2.225346] (rplidar_ros) StderrLine: {'line': b'\x1b[01m\x1b[K/root/ros2_ws/src/ROMI-ROS2/rplidar_ros/sdk/src/dataunpacker/unpacker/../dataunpacker.h:\x1b[m\x1b[K In member function \xe2\x80\x98\x1b[01m\x1b[Kvirtual void sl::internal::LIDARSampleDataListener::onCustomSampleDataDecoded(_u8, _u32, const void*, size_t)\x1b[m\x1b[K\xe2\x80\x99:\n'}
[2.225435] (rplidar_ros) StderrLine: {'line': b'\x1b[01m\x1b[K/root/ros2_ws/src/ROMI-ROS2/rplidar_ros/sdk/src/dataunpacker/unpacker/../dataunpacker.h:54:52:\x1b[m\x1b[K \x1b[01;35m\x1b[Kwarning: \x1b[m\x1b[Kunused parameter \xe2\x80\x98\x1b[01m\x1b[KansType\x1b[m\x1b[K\xe2\x80\x99 [\x1b[01;35m\x1b[K\x1b]8;;https://gcc.gnu.org/onlinedocs/gcc/Warning-Options.html#index-Wunused-parameter\x07-Wunused-parameter\x1b]8;;\x07\x1b[m\x1b[K]\n'}
[2.225487] (rplidar_ros) StderrLine: {'line': b'   54 |         virtual void onCustomSampleDataDecoded(\x1b[01;35m\x1b[K_u8 ansType\x1b[m\x1b[K, _u32 customCode, const void* data, size_t size) {}\n'}
[2.225528] (rplidar_ros) StderrLine: {'line': b'      |                                                \x1b[01;35m\x1b[K~~~~^~~~~~~\x1b[m\x1b[K\n'}
[2.225578] (rplidar_ros) StderrLine: {'line': b'\x1b[01m\x1b[K/root/ros2_ws/src/ROMI-ROS2/rplidar_ros/sdk/src/dataunpacker/unpacker/../dataunpacker.h:54:66:\x1b[m\x1b[K \x1b[01;35m\x1b[Kwarning: \x1b[m\x1b[Kunused parameter \xe2\x80\x98\x1b[01m\x1b[KcustomCode\x1b[m\x1b[K\xe2\x80\x99 [\x1b[01;35m\x1b[K\x1b]8;;https://gcc.gnu.org/onlinedocs/gcc/Warning-Options.html#index-Wunused-parameter\x07-Wunused-parameter\x1b]8;;\x07\x1b[m\x1b[K]\n'}
[2.225622] (rplidar_ros) StderrLine: {'line': b'   54 |         virtual void onCustomSampleDataDecoded(_u8 ansType, \x1b[01;35m\x1b[K_u32 customCode\x1b[m\x1b[K, const void* data, size_t size) {}\n'}
[2.225664] (rplidar_ros) StderrLine: {'line': b'      |                                                             \x1b[01;35m\x1b[K~~~~~^~~~~~~~~~\x1b[m\x1b[K\n'}
[2.225708] (rplidar_ros) StderrLine: {'line': b'\x1b[01m\x1b[K/root/ros2_ws/src/ROMI-ROS2/rplidar_ros/sdk/src/dataunpacker/unpacker/../dataunpacker.h:54:90:\x1b[m\x1b[K \x1b[01;35m\x1b[Kwarning: \x1b[m\x1b[Kunused parameter \xe2\x80\x98\x1b[01m\x1b[Kdata\x1b[m\x1b[K\xe2\x80\x99 [\x1b[01;35m\x1b[K\x1b]8;;https://gcc.gnu.org/onlinedocs/gcc/Warning-Options.html#index-Wunused-parameter\x07-Wunused-parameter\x1b]8;;\x07\x1b[m\x1b[K]\n'}
[2.225753] (rplidar_ros) StderrLine: {'line': b'   54 |         virtual void onCustomSampleDataDecoded(_u8 ansType, _u32 customCode, \x1b[01;35m\x1b[Kconst void* data\x1b[m\x1b[K, size_t size) {}\n'}
[2.225792] (rplidar_ros) StderrLine: {'line': b'      |                                                                              \x1b[01;35m\x1b[K~~~~~~~~~~~~^~~~\x1b[m\x1b[K\n'}
[2.225833] (rplidar_ros) StderrLine: {'line': b'\x1b[01m\x1b[K/root/ros2_ws/src/ROMI-ROS2/rplidar_ros/sdk/src/dataunpacker/unpacker/../dataunpacker.h:54:103:\x1b[m\x1b[K \x1b[01;35m\x1b[Kwarning: \x1b[m\x1b[Kunused parameter \xe2\x80\x98\x1b[01m\x1b[Ksize\x1b[m\x1b[K\xe2\x80\x99 [\x1b[01;35m\x1b[K\x1b]8;;https://gcc.gnu.org/onlinedocs/gcc/Warning-Options.html#index-Wunused-parameter\x07-Wunused-parameter\x1b]8;;\x07\x1b[m\x1b[K]\n'}
[2.225873] (rplidar_ros) StderrLine: {'line': b'   54 |         virtual void onCustomSampleDataDecoded(_u8 ansType, _u32 customCode, const void* data, \x1b[01;35m\x1b[Ksize_t size\x1b[m\x1b[K) {}\n'}
[2.225910] (rplidar_ros) StderrLine: {'line': b'      |                                                                                                \x1b[01;35m\x1b[K~~~~~~~^~~~\x1b[m\x1b[K\n'}
[2.225948] (rplidar_ros) StderrLine: {'line': b'\x1b[01m\x1b[K/root/ros2_ws/src/ROMI-ROS2/rplidar_ros/sdk/src/dataunpacker/unpacker/../dataunpacker.h:\x1b[m\x1b[K In member function \xe2\x80\x98\x1b[01m\x1b[Kvirtual void sl::internal::LIDARSampleDataListener::onDecodingError(int, _u8, const void*, size_t)\x1b[m\x1b[K\xe2\x80\x99:\n'}
[2.225990] (rplidar_ros) StderrLine: {'line': b'\x1b[01m\x1b[K/root/ros2_ws/src/ROMI-ROS2/rplidar_ros/sdk/src/dataunpacker/unpacker/../dataunpacker.h:56:42:\x1b[m\x1b[K \x1b[01;35m\x1b[Kwarning: \x1b[m\x1b[Kunused parameter \xe2\x80\x98\x1b[01m\x1b[KerrMsg\x1b[m\x1b[K\xe2\x80\x99 [\x1b[01;35m\x1b[K\x1b]8;;https://gcc.gnu.org/onlinedocs/gcc/Warning-Options.html#index-Wunused-parameter\x07-Wunused-parameter\x1b]8;;\x07\x1b[m\x1b[K]\n'}
[2.226033] (rplidar_ros) StderrLine: {'line': b'   56 |         virtual void onDecodingError(\x1b[01;35m\x1b[Kint errMsg\x1b[m\x1b[K, _u8 ansType, const void* payload, size_t size) {}\n'}
[2.226077] (rplidar_ros) StderrLine: {'line': b'      |                                      \x1b[01;35m\x1b[K~~~~^~~~~~\x1b[m\x1b[K\n'}
[2.226129] (rplidar_ros) StderrLine: {'line': b'\x1b[01m\x1b[K/root/ros2_ws/src/ROMI-ROS2/rplidar_ros/sdk/src/dataunpacker/unpacker/../dataunpacker.h:56:54:\x1b[m\x1b[K \x1b[01;35m\x1b[Kwarning: \x1b[m\x1b[Kunused parameter \xe2\x80\x98\x1b[01m\x1b[KansType\x1b[m\x1b[K\xe2\x80\x99 [\x1b[01;35m\x1b[K\x1b]8;;https://gcc.gnu.org/onlinedocs/gcc/Warning-Options.html#index-Wunused-parameter\x07-Wunused-parameter\x1b]8;;\x07\x1b[m\x1b[K]\n'}
[2.226170] (rplidar_ros) StderrLine: {'line': b'   56 |         virtual void onDecodingError(int errMsg, \x1b[01;35m\x1b[K_u8 ansType\x1b[m\x1b[K, const void* payload, size_t size) {}\n'}
[2.226209] (rplidar_ros) StderrLine: {'line': b'      |                                                  \x1b[01;35m\x1b[K~~~~^~~~~~~\x1b[m\x1b[K\n'}
[2.226246] (rplidar_ros) StderrLine: {'line': b'\x1b[01m\x1b[K/root/ros2_ws/src/ROMI-ROS2/rplidar_ros/sdk/src/dataunpacker/unpacker/../dataunpacker.h:56:75:\x1b[m\x1b[K \x1b[01;35m\x1b[Kwarning: \x1b[m\x1b[Kunused parameter \xe2\x80\x98\x1b[01m\x1b[Kpayload\x1b[m\x1b[K\xe2\x80\x99 [\x1b[01;35m\x1b[K\x1b]8;;https://gcc.gnu.org/onlinedocs/gcc/Warning-Options.html#index-Wunused-parameter\x07-Wunused-parameter\x1b]8;;\x07\x1b[m\x1b[K]\n'}
[2.226285] (rplidar_ros) StderrLine: {'line': b'   56 |         virtual void onDecodingError(int errMsg, _u8 ansType, \x1b[01;35m\x1b[Kconst void* payload\x1b[m\x1b[K, size_t size) {}\n'}
[2.226325] (rplidar_ros) StderrLine: {'line': b'      |                                                               \x1b[01;35m\x1b[K~~~~~~~~~~~~^~~~~~~\x1b[m\x1b[K\n'}
[2.226363] (rplidar_ros) StderrLine: {'line': b'\x1b[01m\x1b[K/root/ros2_ws/src/ROMI-ROS2/rplidar_ros/sdk/src/dataunpacker/unpacker/../dataunpacker.h:56:91:\x1b[m\x1b[K \x1b[01;35m\x1b[Kwarning: \x1b[m\x1b[Kunused parameter \xe2\x80\x98\x1b[01m\x1b[Ksize\x1b[m\x1b[K\xe2\x80\x99 [\x1b[01;35m\x1b[K\x1b]8;;https://gcc.gnu.org/onlinedocs/gcc/Warning-Options.html#index-Wunused-parameter\x07-Wunused-parameter\x1b]8;;\x07\x1b[m\x1b[K]\n'}
[2.226404] (rplidar_ros) StderrLine: {'line': b'   56 |         virtual void onDecodingError(int errMsg, _u8 ansType, const void* payload, \x1b[01;35m\x1b[Ksize_t size\x1b[m\x1b[K) {}\n'}
[2.226449] (rplidar_ros) StderrLine: {'line': b'      |                                                                                    \x1b[01;35m\x1b[K~~~~~~~^~~~\x1b[m\x1b[K\n'}
[2.240530] (rplidar_ros) StderrLine: {'line': b'\x1b[01m\x1b[K/root/ros2_ws/src/ROMI-ROS2/rplidar_ros/sdk/src/rplidar_driver.cpp:\x1b[m\x1b[K In member function \xe2\x80\x98\x1b[01m\x1b[Ku_result rp::standalone::rplidar::RPlidarDriver::connect(const char*, _u32, _u32)\x1b[m\x1b[K\xe2\x80\x99:\n'}
[2.240841] (rplidar_ros) StderrLine: {'line': b'\x1b[01m\x1b[K/root/ros2_ws/src/ROMI-ROS2/rplidar_ros/sdk/src/rplidar_driver.cpp:67:77:\x1b[m\x1b[K \x1b[01;35m\x1b[Kwarning: \x1b[m\x1b[Kunused parameter \xe2\x80\x98\x1b[01m\x1b[Kflag\x1b[m\x1b[K\xe2\x80\x99 [\x1b[01;35m\x1b[K\x1b]8;;https://gcc.gnu.org/onlinedocs/gcc/Warning-Options.html#index-Wunused-parameter\x07-Wunused-parameter\x1b]8;;\x07\x1b[m\x1b[K]\n'}
[2.240917] (rplidar_ros) StderrLine: {'line': b'   67 |     u_result RPlidarDriver::connect(const char *path, _u32 portOrBaud, \x1b[01;35m\x1b[K_u32 flag\x1b[m\x1b[K)\n'}
[2.240963] (rplidar_ros) StderrLine: {'line': b'      |                                                                        \x1b[01;35m\x1b[K~~~~~^~~~\x1b[m\x1b[K\n'}
[2.241001] (rplidar_ros) StderrLine: {'line': b'\x1b[01m\x1b[K/root/ros2_ws/src/ROMI-ROS2/rplidar_ros/sdk/src/rplidar_driver.cpp:\x1b[m\x1b[K In member function \xe2\x80\x98\x1b[01m\x1b[Ku_result rp::standalone::rplidar::RPlidarDriver::reset(_u32)\x1b[m\x1b[K\xe2\x80\x99:\n'}
[2.241042] (rplidar_ros) StderrLine: {'line': b'\x1b[01m\x1b[K/root/ros2_ws/src/ROMI-ROS2/rplidar_ros/sdk/src/rplidar_driver.cpp:101:40:\x1b[m\x1b[K \x1b[01;35m\x1b[Kwarning: \x1b[m\x1b[Kunused parameter \xe2\x80\x98\x1b[01m\x1b[Ktimeout\x1b[m\x1b[K\xe2\x80\x99 [\x1b[01;35m\x1b[K\x1b]8;;https://gcc.gnu.org/onlinedocs/gcc/Warning-Options.html#index-Wunused-parameter\x07-Wunused-parameter\x1b]8;;\x07\x1b[m\x1b[K]\n'}
[2.241084] (rplidar_ros) StderrLine: {'line': b'  101 |     u_result RPlidarDriver::reset(\x1b[01;35m\x1b[K_u32 timeout\x1b[m\x1b[K)\n'}
[2.241122] (rplidar_ros) StderrLine: {'line': b'      |                                   \x1b[01;35m\x1b[K~~~~~^~~~~~~\x1b[m\x1b[K\n'}
[2.241161] (rplidar_ros) StderrLine: {'line': b'\x1b[01m\x1b[K/root/ros2_ws/src/ROMI-ROS2/rplidar_ros/sdk/src/rplidar_driver.cpp:\x1b[m\x1b[K In member function \xe2\x80\x98\x1b[01m\x1b[Ku_result rp::standalone::rplidar::RPlidarDriver::getScanDataWithInterval(rplidar_response_measurement_node_t*, size_t&)\x1b[m\x1b[K\xe2\x80\x99:\n'}
[2.241206] (rplidar_ros) StderrLine: {'line': b'\x1b[01m\x1b[K/root/ros2_ws/src/ROMI-ROS2/rplidar_ros/sdk/src/rplidar_driver.cpp:180:91:\x1b[m\x1b[K \x1b[01;35m\x1b[Kwarning: \x1b[m\x1b[Kunused parameter \xe2\x80\x98\x1b[01m\x1b[Knodebuffer\x1b[m\x1b[K\xe2\x80\x99 [\x1b[01;35m\x1b[K\x1b]8;;https://gcc.gnu.org/onlinedocs/gcc/Warning-Options.html#index-Wunused-parameter\x07-Wunused-parameter\x1b]8;;\x07\x1b[m\x1b[K]\n'}
[2.241246] (rplidar_ros) StderrLine: {'line': b'  180 |     u_result RPlidarDriver::getScanDataWithInterval(\x1b[01;35m\x1b[Krplidar_response_measurement_node_t * nodebuffer\x1b[m\x1b[K, size_t & count)\n'}
[2.241284] (rplidar_ros) StderrLine: {'line': b'      |                                                     \x1b[01;35m\x1b[K~~~~~~~~~~~~~~~~~~~~~~~~~~~~~~~~~~~~~~^~~~~~~~~~\x1b[m\x1b[K\n'}
[2.241326] (rplidar_ros) StderrLine: {'line': b'\x1b[01m\x1b[K/root/ros2_ws/src/ROMI-ROS2/rplidar_ros/sdk/src/rplidar_driver.cpp:180:112:\x1b[m\x1b[K \x1b[01;35m\x1b[Kwarning: \x1b[m\x1b[Kunused parameter \xe2\x80\x98\x1b[01m\x1b[Kcount\x1b[m\x1b[K\xe2\x80\x99 [\x1b[01;35m\x1b[K\x1b]8;;https://gcc.gnu.org/onlinedocs/gcc/Warning-Options.html#index-Wunused-parameter\x07-Wunused-parameter\x1b]8;;\x07\x1b[m\x1b[K]\n'}
[2.241364] (rplidar_ros) StderrLine: {'line': b'  180 |     u_result RPlidarDriver::getScanDataWithInterval(rplidar_response_measurement_node_t * nodebuffer, \x1b[01;35m\x1b[Ksize_t & count\x1b[m\x1b[K)\n'}
[2.241400] (rplidar_ros) StderrLine: {'line': b'      |                                                                                                       \x1b[01;35m\x1b[K~~~~~~~~~^~~~~\x1b[m\x1b[K\n'}
[2.243913] (rplidar_ros) StdoutLine: {'line': b'[ 65%] \x1b[32mBuilding CXX object CMakeFiles/rplidar_composition.dir/sdk/src/sl_lidarprotocol_codec.cpp.o\x1b[0m\n'}
[2.270118] (rplidar_ros) StdoutLine: {'line': b'[ 68%] \x1b[32mBuilding CXX object CMakeFiles/rplidar_composition.dir/sdk/src/sl_serial_channel.cpp.o\x1b[0m\n'}
[2.292527] (rplidar_ros) StdoutLine: {'line': b'[ 71%] \x1b[32mBuilding CXX object CMakeFiles/rplidar_node.dir/sdk/src/sl_async_transceiver.cpp.o\x1b[0m\n'}
[2.307004] (-) TimerEvent: {}
[2.352500] (rplidar_ros) StdoutLine: {'line': b'[ 73%] \x1b[32mBuilding CXX object CMakeFiles/rplidar_composition.dir/sdk/src/sl_tcp_channel.cpp.o\x1b[0m\n'}
[2.358845] (rplidar_ros) StderrLine: {'line': b'In file included from \x1b[01m\x1b[K/root/ros2_ws/src/ROMI-ROS2/rplidar_ros/sdk/include/rplidar_protocol.h:36\x1b[m\x1b[K,\n'}
[2.359173] (rplidar_ros) StderrLine: {'line': b'                 from \x1b[01m\x1b[K/root/ros2_ws/src/ROMI-ROS2/rplidar_ros/sdk/include/rplidar.h:39\x1b[m\x1b[K,\n'}
[2.359394] (rplidar_ros) StderrLine: {'line': b'                 from \x1b[01m\x1b[K/root/ros2_ws/src/ROMI-ROS2/rplidar_ros/sdk/src/sdkcommon.h:49\x1b[m\x1b[K,\n'}
[2.359476] (rplidar_ros) StderrLine: {'line': b'                 from \x1b[01m\x1b[K/root/ros2_ws/src/ROMI-ROS2/rplidar_ros/sdk/src/rplidar_driver.cpp:33\x1b[m\x1b[K:\n'}
[2.359532] (rplidar_ros) StderrLine: {'line': b'\x1b[01m\x1b[K/root/ros2_ws/src/ROMI-ROS2/rplidar_ros/sdk/include/sl_lidar_protocol.h:66:16:\x1b[m\x1b[K \x1b[01;35m\x1b[Kwarning: \x1b[m\x1b[KISO C++ forbids zero-size array \xe2\x80\x98\x1b[01m\x1b[Kdata\x1b[m\x1b[K\xe2\x80\x99 [\x1b[01;35m\x1b[K\x1b]8;;https://gcc.gnu.org/onlinedocs/gcc/Warning-Options.html#index-Wpedantic\x07-Wpedantic\x1b]8;;\x07\x1b[m\x1b[K]\n'}
[2.359592] (rplidar_ros) StderrLine: {'line': b'   66 |     sl_u8 data[\x1b[01;35m\x1b[K0\x1b[m\x1b[K];\n'}
[2.359638] (rplidar_ros) StderrLine: {'line': b'      |                \x1b[01;35m\x1b[K^\x1b[m\x1b[K\n'}
[2.359680] (rplidar_ros) StderrLine: {'line': b'In file included from \x1b[01m\x1b[K/root/ros2_ws/src/ROMI-ROS2/rplidar_ros/sdk/include/rplidar_cmd.h:36\x1b[m\x1b[K,\n'}
[2.359723] (rplidar_ros) StderrLine: {'line': b'                 from \x1b[01m\x1b[K/root/ros2_ws/src/ROMI-ROS2/rplidar_ros/sdk/include/rplidar.h:40\x1b[m\x1b[K,\n'}
[2.359769] (rplidar_ros) StderrLine: {'line': b'                 from \x1b[01m\x1b[K/root/ros2_ws/src/ROMI-ROS2/rplidar_ros/sdk/src/sdkcommon.h:49\x1b[m\x1b[K,\n'}
[2.362586] (rplidar_ros) StderrLine: {'line': b'                 from \x1b[01m\x1b[K/root/ros2_ws/src/ROMI-ROS2/rplidar_ros/sdk/src/rplidar_driver.cpp:33\x1b[m\x1b[K:\n'}
[2.362729] (rplidar_ros) StderrLine: {'line': b'\x1b[01m\x1b[K/root/ros2_ws/src/ROMI-ROS2/rplidar_ros/sdk/include/sl_lidar_cmd.h:324:20:\x1b[m\x1b[K \x1b[01;35m\x1b[Kwarning: \x1b[m\x1b[KISO C++ forbids zero-size array \xe2\x80\x98\x1b[01m\x1b[Kpayload\x1b[m\x1b[K\xe2\x80\x99 [\x1b[01;35m\x1b[K\x1b]8;;https://gcc.gnu.org/onlinedocs/gcc/Warning-Options.html#index-Wpedantic\x07-Wpedantic\x1b]8;;\x07\x1b[m\x1b[K]\n'}
[2.362818] (rplidar_ros) StderrLine: {'line': b'  324 |     sl_u8  payload[\x1b[01;35m\x1b[K0\x1b[m\x1b[K];\n'}
[2.362889] (rplidar_ros) StderrLine: {'line': b'      |                    \x1b[01;35m\x1b[K^\x1b[m\x1b[K\n'}
[2.390608] (rplidar_ros) StdoutLine: {'line': b'[ 76%] \x1b[32mBuilding CXX object CMakeFiles/rplidar_composition.dir/sdk/src/sl_udp_channel.cpp.o\x1b[0m\n'}
[2.395293] (rplidar_ros) StdoutLine: {'line': b'[ 78%] \x1b[32mBuilding CXX object CMakeFiles/rplidar_node.dir/sdk/src/sl_crc.cpp.o\x1b[0m\n'}
[2.407133] (-) TimerEvent: {}
[2.447403] (rplidar_ros) StderrLine: {'line': b'In file included from \x1b[01m\x1b[K/root/ros2_ws/src/ROMI-ROS2/rplidar_ros/sdk/include/sl_lidar_cmd.h:41\x1b[m\x1b[K,\n'}
[2.448443] (rplidar_ros) StderrLine: {'line': b'                 from \x1b[01m\x1b[K/root/ros2_ws/src/ROMI-ROS2/rplidar_ros/sdk/include/sl_crc.h:36\x1b[m\x1b[K,\n'}
[2.448553] (rplidar_ros) StderrLine: {'line': b'                 from \x1b[01m\x1b[K/root/ros2_ws/src/ROMI-ROS2/rplidar_ros/sdk/src/sl_crc.cpp:33\x1b[m\x1b[K:\n'}
[2.448612] (rplidar_ros) StderrLine: {'line': b'\x1b[01m\x1b[K/root/ros2_ws/src/ROMI-ROS2/rplidar_ros/sdk/include/sl_lidar_protocol.h:66:16:\x1b[m\x1b[K \x1b[01;35m\x1b[Kwarning: \x1b[m\x1b[KISO C++ forbids zero-size array \xe2\x80\x98\x1b[01m\x1b[Kdata\x1b[m\x1b[K\xe2\x80\x99 [\x1b[01;35m\x1b[K\x1b]8;;https://gcc.gnu.org/onlinedocs/gcc/Warning-Options.html#index-Wpedantic\x07-Wpedantic\x1b]8;;\x07\x1b[m\x1b[K]\n'}
[2.448689] (rplidar_ros) StderrLine: {'line': b'   66 |     sl_u8 data[\x1b[01;35m\x1b[K0\x1b[m\x1b[K];\n'}
[2.448743] (rplidar_ros) StderrLine: {'line': b'      |                \x1b[01;35m\x1b[K^\x1b[m\x1b[K\n'}
[2.448797] (rplidar_ros) StderrLine: {'line': b'In file included from \x1b[01m\x1b[K/root/ros2_ws/src/ROMI-ROS2/rplidar_ros/sdk/include/sl_crc.h:36\x1b[m\x1b[K,\n'}
[2.449496] (rplidar_ros) StderrLine: {'line': b'                 from \x1b[01m\x1b[K/root/ros2_ws/src/ROMI-ROS2/rplidar_ros/sdk/src/sl_crc.cpp:33\x1b[m\x1b[K:\n'}
[2.449642] (rplidar_ros) StderrLine: {'line': b'\x1b[01m\x1b[K/root/ros2_ws/src/ROMI-ROS2/rplidar_ros/sdk/include/sl_lidar_cmd.h:324:20:\x1b[m\x1b[K \x1b[01;35m\x1b[Kwarning: \x1b[m\x1b[KISO C++ forbids zero-size array \xe2\x80\x98\x1b[01m\x1b[Kpayload\x1b[m\x1b[K\xe2\x80\x99 [\x1b[01;35m\x1b[K\x1b]8;;https://gcc.gnu.org/onlinedocs/gcc/Warning-Options.html#index-Wpedantic\x07-Wpedantic\x1b]8;;\x07\x1b[m\x1b[K]\n'}
[2.449721] (rplidar_ros) StderrLine: {'line': b'  324 |     sl_u8  payload[\x1b[01;35m\x1b[K0\x1b[m\x1b[K];\n'}
[2.449781] (rplidar_ros) StderrLine: {'line': b'      |                    \x1b[01;35m\x1b[K^\x1b[m\x1b[K\n'}
[2.480977] (rplidar_ros) StdoutLine: {'line': b'[ 81%] \x1b[32mBuilding CXX object CMakeFiles/rplidar_node.dir/sdk/src/sl_lidar_driver.cpp.o\x1b[0m\n'}
[2.507523] (-) TimerEvent: {}
[2.540270] (rplidar_ros) StderrLine: {'line': b'In file included from \x1b[01m\x1b[K/root/ros2_ws/src/ROMI-ROS2/rplidar_ros/sdk/include/sl_lidar_cmd.h:41\x1b[m\x1b[K,\n'}
[2.540613] (rplidar_ros) StderrLine: {'line': b'                 from \x1b[01m\x1b[K/root/ros2_ws/src/ROMI-ROS2/rplidar_ros/sdk/include/sl_lidar_driver.h:54\x1b[m\x1b[K,\n'}
[2.540739] (rplidar_ros) StderrLine: {'line': b'                 from \x1b[01m\x1b[K/root/ros2_ws/src/ROMI-ROS2/rplidar_ros/sdk/src/sl_serial_channel.cpp:33\x1b[m\x1b[K:\n'}
[2.540853] (rplidar_ros) StderrLine: {'line': b'\x1b[01m\x1b[K/root/ros2_ws/src/ROMI-ROS2/rplidar_ros/sdk/include/sl_lidar_protocol.h:66:16:\x1b[m\x1b[K \x1b[01;35m\x1b[Kwarning: \x1b[m\x1b[KISO C++ forbids zero-size array \xe2\x80\x98\x1b[01m\x1b[Kdata\x1b[m\x1b[K\xe2\x80\x99 [\x1b[01;35m\x1b[K\x1b]8;;https://gcc.gnu.org/onlinedocs/gcc/Warning-Options.html#index-Wpedantic\x07-Wpedantic\x1b]8;;\x07\x1b[m\x1b[K]\n'}
[2.540917] (rplidar_ros) StderrLine: {'line': b'   66 |     sl_u8 data[\x1b[01;35m\x1b[K0\x1b[m\x1b[K];\n'}
[2.540966] (rplidar_ros) StderrLine: {'line': b'      |                \x1b[01;35m\x1b[K^\x1b[m\x1b[K\n'}
[2.541089] (rplidar_ros) StderrLine: {'line': b'In file included from \x1b[01m\x1b[K/root/ros2_ws/src/ROMI-ROS2/rplidar_ros/sdk/include/sl_lidar_driver.h:54\x1b[m\x1b[K,\n'}
[2.541153] (rplidar_ros) StderrLine: {'line': b'                 from \x1b[01m\x1b[K/root/ros2_ws/src/ROMI-ROS2/rplidar_ros/sdk/src/sl_serial_channel.cpp:33\x1b[m\x1b[K:\n'}
[2.541214] (rplidar_ros) StderrLine: {'line': b'\x1b[01m\x1b[K/root/ros2_ws/src/ROMI-ROS2/rplidar_ros/sdk/include/sl_lidar_cmd.h:324:20:\x1b[m\x1b[K \x1b[01;35m\x1b[Kwarning: \x1b[m\x1b[KISO C++ forbids zero-size array \xe2\x80\x98\x1b[01m\x1b[Kpayload\x1b[m\x1b[K\xe2\x80\x99 [\x1b[01;35m\x1b[K\x1b]8;;https://gcc.gnu.org/onlinedocs/gcc/Warning-Options.html#index-Wpedantic\x07-Wpedantic\x1b]8;;\x07\x1b[m\x1b[K]\n'}
[2.541265] (rplidar_ros) StderrLine: {'line': b'  324 |     sl_u8  payload[\x1b[01;35m\x1b[K0\x1b[m\x1b[K];\n'}
[2.541318] (rplidar_ros) StderrLine: {'line': b'      |                    \x1b[01;35m\x1b[K^\x1b[m\x1b[K\n'}
[2.572539] (rplidar_ros) StderrLine: {'line': b'\x1b[01m\x1b[K/root/ros2_ws/src/ROMI-ROS2/rplidar_ros/sdk/src/rplidar_driver.cpp:\x1b[m\x1b[K In member function \xe2\x80\x98\x1b[01m\x1b[Ku_result rp::standalone::rplidar::RPlidarDriver::connect(const char*, _u32, _u32)\x1b[m\x1b[K\xe2\x80\x99:\n'}
[2.573272] (rplidar_ros) StderrLine: {'line': b'\x1b[01m\x1b[K/root/ros2_ws/src/ROMI-ROS2/rplidar_ros/sdk/src/rplidar_driver.cpp:67:77:\x1b[m\x1b[K \x1b[01;35m\x1b[Kwarning: \x1b[m\x1b[Kunused parameter \xe2\x80\x98\x1b[01m\x1b[Kflag\x1b[m\x1b[K\xe2\x80\x99 [\x1b[01;35m\x1b[K\x1b]8;;https://gcc.gnu.org/onlinedocs/gcc/Warning-Options.html#index-Wunused-parameter\x07-Wunused-parameter\x1b]8;;\x07\x1b[m\x1b[K]\n'}
[2.573687] (rplidar_ros) StderrLine: {'line': b'   67 |     u_result RPlidarDriver::connect(const char *path, _u32 portOrBaud, \x1b[01;35m\x1b[K_u32 flag\x1b[m\x1b[K)\n'}
[2.573997] (rplidar_ros) StderrLine: {'line': b'      |                                                                        \x1b[01;35m\x1b[K~~~~~^~~~\x1b[m\x1b[K\n'}
[2.575503] (rplidar_ros) StderrLine: {'line': b'\x1b[01m\x1b[K/root/ros2_ws/src/ROMI-ROS2/rplidar_ros/sdk/src/rplidar_driver.cpp:\x1b[m\x1b[K In member function \xe2\x80\x98\x1b[01m\x1b[Ku_result rp::standalone::rplidar::RPlidarDriver::reset(_u32)\x1b[m\x1b[K\xe2\x80\x99:\n'}
[2.575819] (rplidar_ros) StderrLine: {'line': b'\x1b[01m\x1b[K/root/ros2_ws/src/ROMI-ROS2/rplidar_ros/sdk/src/rplidar_driver.cpp:101:40:\x1b[m\x1b[K \x1b[01;35m\x1b[Kwarning: \x1b[m\x1b[Kunused parameter \xe2\x80\x98\x1b[01m\x1b[Ktimeout\x1b[m\x1b[K\xe2\x80\x99 [\x1b[01;35m\x1b[K\x1b]8;;https://gcc.gnu.org/onlinedocs/gcc/Warning-Options.html#index-Wunused-parameter\x07-Wunused-parameter\x1b]8;;\x07\x1b[m\x1b[K]\n'}
[2.575950] (rplidar_ros) StderrLine: {'line': b'  101 |     u_result RPlidarDriver::reset(\x1b[01;35m\x1b[K_u32 timeout\x1b[m\x1b[K)\n'}
[2.576082] (rplidar_ros) StderrLine: {'line': b'      |                                   \x1b[01;35m\x1b[K~~~~~^~~~~~~\x1b[m\x1b[K\n'}
[2.576305] (rplidar_ros) StderrLine: {'line': b'\x1b[01m\x1b[K/root/ros2_ws/src/ROMI-ROS2/rplidar_ros/sdk/src/rplidar_driver.cpp:\x1b[m\x1b[K In member function \xe2\x80\x98\x1b[01m\x1b[Ku_result rp::standalone::rplidar::RPlidarDriver::getScanDataWithInterval(rplidar_response_measurement_node_t*, size_t&)\x1b[m\x1b[K\xe2\x80\x99:\n'}
[2.577115] (rplidar_ros) StderrLine: {'line': b'\x1b[01m\x1b[K/root/ros2_ws/src/ROMI-ROS2/rplidar_ros/sdk/src/rplidar_driver.cpp:180:91:\x1b[m\x1b[K \x1b[01;35m\x1b[Kwarning: \x1b[m\x1b[Kunused parameter \xe2\x80\x98\x1b[01m\x1b[Knodebuffer\x1b[m\x1b[K\xe2\x80\x99 [\x1b[01;35m\x1b[K\x1b]8;;https://gcc.gnu.org/onlinedocs/gcc/Warning-Options.html#index-Wunused-parameter\x07-Wunused-parameter\x1b]8;;\x07\x1b[m\x1b[K]\n'}
[2.577225] (rplidar_ros) StderrLine: {'line': b'  180 |     u_result RPlidarDriver::getScanDataWithInterval(\x1b[01;35m\x1b[Krplidar_response_measurement_node_t * nodebuffer\x1b[m\x1b[K, size_t & count)\n'}
[2.577300] (rplidar_ros) StderrLine: {'line': b'      |                                                     \x1b[01;35m\x1b[K~~~~~~~~~~~~~~~~~~~~~~~~~~~~~~~~~~~~~~^~~~~~~~~~\x1b[m\x1b[K\n'}
[2.577354] (rplidar_ros) StderrLine: {'line': b'\x1b[01m\x1b[K/root/ros2_ws/src/ROMI-ROS2/rplidar_ros/sdk/src/rplidar_driver.cpp:180:112:\x1b[m\x1b[K \x1b[01;35m\x1b[Kwarning: \x1b[m\x1b[Kunused parameter \xe2\x80\x98\x1b[01m\x1b[Kcount\x1b[m\x1b[K\xe2\x80\x99 [\x1b[01;35m\x1b[K\x1b]8;;https://gcc.gnu.org/onlinedocs/gcc/Warning-Options.html#index-Wunused-parameter\x07-Wunused-parameter\x1b]8;;\x07\x1b[m\x1b[K]\n'}
[2.577414] (rplidar_ros) StderrLine: {'line': b'  180 |     u_result RPlidarDriver::getScanDataWithInterval(rplidar_response_measurement_node_t * nodebuffer, \x1b[01;35m\x1b[Ksize_t & count\x1b[m\x1b[K)\n'}
[2.577477] (rplidar_ros) StderrLine: {'line': b'      |                                                                                                       \x1b[01;35m\x1b[K~~~~~~~~~^~~~~\x1b[m\x1b[K\n'}
[2.608524] (-) TimerEvent: {}
[2.612894] (rplidar_ros) StderrLine: {'line': b'In file included from \x1b[01m\x1b[K/root/ros2_ws/src/ROMI-ROS2/rplidar_ros/sdk/include/rplidar_protocol.h:36\x1b[m\x1b[K,\n'}
[2.613495] (rplidar_ros) StderrLine: {'line': b'                 from \x1b[01m\x1b[K/root/ros2_ws/src/ROMI-ROS2/rplidar_ros/sdk/include/rplidar.h:39\x1b[m\x1b[K,\n'}
[2.615514] (rplidar_ros) StdoutLine: {'line': b'[ 84%] \x1b[32mBuilding CXX object CMakeFiles/rplidar_node.dir/sdk/src/sl_lidarprotocol_codec.cpp.o\x1b[0m\n'}
[2.616175] (rplidar_ros) StderrLine: {'line': b'                 from \x1b[01m\x1b[K/root/ros2_ws/src/ROMI-ROS2/rplidar_ros/sdk/src/sdkcommon.h:49\x1b[m\x1b[K,\n'}
[2.616336] (rplidar_ros) StderrLine: {'line': b'                 from \x1b[01m\x1b[K/root/ros2_ws/src/ROMI-ROS2/rplidar_ros/sdk/src/sl_async_transceiver.cpp:35\x1b[m\x1b[K:\n'}
[2.616396] (rplidar_ros) StderrLine: {'line': b'\x1b[01m\x1b[K/root/ros2_ws/src/ROMI-ROS2/rplidar_ros/sdk/include/sl_lidar_protocol.h:66:16:\x1b[m\x1b[K \x1b[01;35m\x1b[Kwarning: \x1b[m\x1b[KISO C++ forbids zero-size array \xe2\x80\x98\x1b[01m\x1b[Kdata\x1b[m\x1b[K\xe2\x80\x99 [\x1b[01;35m\x1b[K\x1b]8;;https://gcc.gnu.org/onlinedocs/gcc/Warning-Options.html#index-Wpedantic\x07-Wpedantic\x1b]8;;\x07\x1b[m\x1b[K]\n'}
[2.616478] (rplidar_ros) StderrLine: {'line': b'   66 |     sl_u8 data[\x1b[01;35m\x1b[K0\x1b[m\x1b[K];\n'}
[2.616531] (rplidar_ros) StderrLine: {'line': b'      |                \x1b[01;35m\x1b[K^\x1b[m\x1b[K\n'}
[2.616583] (rplidar_ros) StderrLine: {'line': b'In file included from \x1b[01m\x1b[K/root/ros2_ws/src/ROMI-ROS2/rplidar_ros/sdk/include/rplidar_cmd.h:36\x1b[m\x1b[K,\n'}
[2.616636] (rplidar_ros) StderrLine: {'line': b'                 from \x1b[01m\x1b[K/root/ros2_ws/src/ROMI-ROS2/rplidar_ros/sdk/include/rplidar.h:40\x1b[m\x1b[K,\n'}
[2.616687] (rplidar_ros) StderrLine: {'line': b'                 from \x1b[01m\x1b[K/root/ros2_ws/src/ROMI-ROS2/rplidar_ros/sdk/src/sdkcommon.h:49\x1b[m\x1b[K,\n'}
[2.616735] (rplidar_ros) StderrLine: {'line': b'                 from \x1b[01m\x1b[K/root/ros2_ws/src/ROMI-ROS2/rplidar_ros/sdk/src/sl_async_transceiver.cpp:35\x1b[m\x1b[K:\n'}
[2.616786] (rplidar_ros) StderrLine: {'line': b'\x1b[01m\x1b[K/root/ros2_ws/src/ROMI-ROS2/rplidar_ros/sdk/include/sl_lidar_cmd.h:324:20:\x1b[m\x1b[K \x1b[01;35m\x1b[Kwarning: \x1b[m\x1b[KISO C++ forbids zero-size array \xe2\x80\x98\x1b[01m\x1b[Kpayload\x1b[m\x1b[K\xe2\x80\x99 [\x1b[01;35m\x1b[K\x1b]8;;https://gcc.gnu.org/onlinedocs/gcc/Warning-Options.html#index-Wpedantic\x07-Wpedantic\x1b]8;;\x07\x1b[m\x1b[K]\n'}
[2.616843] (rplidar_ros) StderrLine: {'line': b'  324 |     sl_u8  payload[\x1b[01;35m\x1b[K0\x1b[m\x1b[K];\n'}
[2.616892] (rplidar_ros) StderrLine: {'line': b'      |                    \x1b[01;35m\x1b[K^\x1b[m\x1b[K\n'}
[2.656662] (rplidar_ros) StderrLine: {'line': b'In file included from \x1b[01m\x1b[K/root/ros2_ws/src/ROMI-ROS2/rplidar_ros/sdk/include/sl_lidar_cmd.h:41\x1b[m\x1b[K,\n'}
[2.657028] (rplidar_ros) StderrLine: {'line': b'                 from \x1b[01m\x1b[K/root/ros2_ws/src/ROMI-ROS2/rplidar_ros/sdk/include/sl_lidar_driver.h:54\x1b[m\x1b[K,\n'}
[2.657119] (rplidar_ros) StderrLine: {'line': b'                 from \x1b[01m\x1b[K/root/ros2_ws/src/ROMI-ROS2/rplidar_ros/sdk/src/sl_tcp_channel.cpp:33\x1b[m\x1b[K:\n'}
[2.657175] (rplidar_ros) StderrLine: {'line': b'\x1b[01m\x1b[K/root/ros2_ws/src/ROMI-ROS2/rplidar_ros/sdk/include/sl_lidar_protocol.h:66:16:\x1b[m\x1b[K \x1b[01;35m\x1b[Kwarning: \x1b[m\x1b[KISO C++ forbids zero-size array \xe2\x80\x98\x1b[01m\x1b[Kdata\x1b[m\x1b[K\xe2\x80\x99 [\x1b[01;35m\x1b[K\x1b]8;;https://gcc.gnu.org/onlinedocs/gcc/Warning-Options.html#index-Wpedantic\x07-Wpedantic\x1b]8;;\x07\x1b[m\x1b[K]\n'}
[2.657255] (rplidar_ros) StderrLine: {'line': b'   66 |     sl_u8 data[\x1b[01;35m\x1b[K0\x1b[m\x1b[K];\n'}
[2.657306] (rplidar_ros) StderrLine: {'line': b'      |                \x1b[01;35m\x1b[K^\x1b[m\x1b[K\n'}
[2.657356] (rplidar_ros) StderrLine: {'line': b'In file included from \x1b[01m\x1b[K/root/ros2_ws/src/ROMI-ROS2/rplidar_ros/sdk/include/sl_lidar_driver.h:54\x1b[m\x1b[K,\n'}
[2.657410] (rplidar_ros) StderrLine: {'line': b'                 from \x1b[01m\x1b[K/root/ros2_ws/src/ROMI-ROS2/rplidar_ros/sdk/src/sl_tcp_channel.cpp:33\x1b[m\x1b[K:\n'}
[2.657467] (rplidar_ros) StderrLine: {'line': b'\x1b[01m\x1b[K/root/ros2_ws/src/ROMI-ROS2/rplidar_ros/sdk/include/sl_lidar_cmd.h:324:20:\x1b[m\x1b[K \x1b[01;35m\x1b[Kwarning: \x1b[m\x1b[KISO C++ forbids zero-size array \xe2\x80\x98\x1b[01m\x1b[Kpayload\x1b[m\x1b[K\xe2\x80\x99 [\x1b[01;35m\x1b[K\x1b]8;;https://gcc.gnu.org/onlinedocs/gcc/Warning-Options.html#index-Wpedantic\x07-Wpedantic\x1b]8;;\x07\x1b[m\x1b[K]\n'}
[2.657518] (rplidar_ros) StderrLine: {'line': b'  324 |     sl_u8  payload[\x1b[01;35m\x1b[K0\x1b[m\x1b[K];\n'}
[2.657562] (rplidar_ros) StderrLine: {'line': b'      |                    \x1b[01;35m\x1b[K^\x1b[m\x1b[K\n'}
[2.662202] (rplidar_ros) StderrLine: {'line': b'\x1b[01m\x1b[K/root/ros2_ws/src/ROMI-ROS2/rplidar_ros/sdk/src/sl_tcp_channel.cpp:\x1b[m\x1b[K In member function \xe2\x80\x98\x1b[01m\x1b[Kvoid sl::TcpChannel::setStatus(_u32)\x1b[m\x1b[K\xe2\x80\x99:\n'}
[2.662485] (rplidar_ros) StderrLine: {'line': b'\x1b[01m\x1b[K/root/ros2_ws/src/ROMI-ROS2/rplidar_ros/sdk/src/sl_tcp_channel.cpp:109:29:\x1b[m\x1b[K \x1b[01;35m\x1b[Kwarning: \x1b[m\x1b[Kunused parameter \xe2\x80\x98\x1b[01m\x1b[Kflag\x1b[m\x1b[K\xe2\x80\x99 [\x1b[01;35m\x1b[K\x1b]8;;https://gcc.gnu.org/onlinedocs/gcc/Warning-Options.html#index-Wunused-parameter\x07-Wunused-parameter\x1b]8;;\x07\x1b[m\x1b[K]\n'}
[2.662582] (rplidar_ros) StderrLine: {'line': b'  109 |         void setStatus(\x1b[01;35m\x1b[K_u32 flag\x1b[m\x1b[K){}\n'}
[2.662640] (rplidar_ros) StderrLine: {'line': b'      |                        \x1b[01;35m\x1b[K~~~~~^~~~\x1b[m\x1b[K\n'}
[2.678459] (rplidar_ros) StderrLine: {'line': b'In file included from \x1b[01m\x1b[K/root/ros2_ws/src/ROMI-ROS2/rplidar_ros/sdk/include/rplidar_protocol.h:36\x1b[m\x1b[K,\n'}
[2.678747] (rplidar_ros) StderrLine: {'line': b'                 from \x1b[01m\x1b[K/root/ros2_ws/src/ROMI-ROS2/rplidar_ros/sdk/include/rplidar.h:39\x1b[m\x1b[K,\n'}
[2.678843] (rplidar_ros) StderrLine: {'line': b'                 from \x1b[01m\x1b[K/root/ros2_ws/src/ROMI-ROS2/rplidar_ros/sdk/src/sdkcommon.h:49\x1b[m\x1b[K,\n'}
[2.678908] (rplidar_ros) StderrLine: {'line': b'                 from \x1b[01m\x1b[K/root/ros2_ws/src/ROMI-ROS2/rplidar_ros/sdk/src/sl_async_transceiver.cpp:35\x1b[m\x1b[K:\n'}
[2.678962] (rplidar_ros) StderrLine: {'line': b'\x1b[01m\x1b[K/root/ros2_ws/src/ROMI-ROS2/rplidar_ros/sdk/include/sl_lidar_protocol.h:66:16:\x1b[m\x1b[K \x1b[01;35m\x1b[Kwarning: \x1b[m\x1b[KISO C++ forbids zero-size array \xe2\x80\x98\x1b[01m\x1b[Kdata\x1b[m\x1b[K\xe2\x80\x99 [\x1b[01;35m\x1b[K\x1b]8;;https://gcc.gnu.org/onlinedocs/gcc/Warning-Options.html#index-Wpedantic\x07-Wpedantic\x1b]8;;\x07\x1b[m\x1b[K]\n'}
[2.679022] (rplidar_ros) StderrLine: {'line': b'   66 |     sl_u8 data[\x1b[01;35m\x1b[K0\x1b[m\x1b[K];\n'}
[2.679070] (rplidar_ros) StderrLine: {'line': b'      |                \x1b[01;35m\x1b[K^\x1b[m\x1b[K\n'}
[2.681463] (rplidar_ros) StderrLine: {'line': b'In file included from \x1b[01m\x1b[K/root/ros2_ws/src/ROMI-ROS2/rplidar_ros/sdk/include/rplidar_cmd.h:36\x1b[m\x1b[K,\n'}
[2.681656] (rplidar_ros) StderrLine: {'line': b'                 from \x1b[01m\x1b[K/root/ros2_ws/src/ROMI-ROS2/rplidar_ros/sdk/include/rplidar.h:40\x1b[m\x1b[K,\n'}
[2.681743] (rplidar_ros) StderrLine: {'line': b'                 from \x1b[01m\x1b[K/root/ros2_ws/src/ROMI-ROS2/rplidar_ros/sdk/src/sdkcommon.h:49\x1b[m\x1b[K,\n'}
[2.681800] (rplidar_ros) StderrLine: {'line': b'                 from \x1b[01m\x1b[K/root/ros2_ws/src/ROMI-ROS2/rplidar_ros/sdk/src/sl_async_transceiver.cpp:35\x1b[m\x1b[K:\n'}
[2.681854] (rplidar_ros) StderrLine: {'line': b'\x1b[01m\x1b[K/root/ros2_ws/src/ROMI-ROS2/rplidar_ros/sdk/include/sl_lidar_cmd.h:324:20:\x1b[m\x1b[K \x1b[01;35m\x1b[Kwarning: \x1b[m\x1b[KISO C++ forbids zero-size array \xe2\x80\x98\x1b[01m\x1b[Kpayload\x1b[m\x1b[K\xe2\x80\x99 [\x1b[01;35m\x1b[K\x1b]8;;https://gcc.gnu.org/onlinedocs/gcc/Warning-Options.html#index-Wpedantic\x07-Wpedantic\x1b]8;;\x07\x1b[m\x1b[K]\n'}
[2.681915] (rplidar_ros) StderrLine: {'line': b'  324 |     sl_u8  payload[\x1b[01;35m\x1b[K0\x1b[m\x1b[K];\n'}
[2.681968] (rplidar_ros) StderrLine: {'line': b'      |                    \x1b[01;35m\x1b[K^\x1b[m\x1b[K\n'}
[2.687713] (rplidar_ros) StderrLine: {'line': b'In file included from \x1b[01m\x1b[K/root/ros2_ws/src/ROMI-ROS2/rplidar_ros/sdk/include/sl_lidar_cmd.h:41\x1b[m\x1b[K,\n'}
[2.687989] (rplidar_ros) StderrLine: {'line': b'                 from \x1b[01m\x1b[K/root/ros2_ws/src/ROMI-ROS2/rplidar_ros/sdk/include/sl_lidar_driver.h:54\x1b[m\x1b[K,\n'}
[2.688091] (rplidar_ros) StderrLine: {'line': b'                 from \x1b[01m\x1b[K/root/ros2_ws/src/ROMI-ROS2/rplidar_ros/sdk/src/sl_udp_channel.cpp:33\x1b[m\x1b[K:\n'}
[2.688151] (rplidar_ros) StderrLine: {'line': b'\x1b[01m\x1b[K/root/ros2_ws/src/ROMI-ROS2/rplidar_ros/sdk/include/sl_lidar_protocol.h:66:16:\x1b[m\x1b[K \x1b[01;35m\x1b[Kwarning: \x1b[m\x1b[KISO C++ forbids zero-size array \xe2\x80\x98\x1b[01m\x1b[Kdata\x1b[m\x1b[K\xe2\x80\x99 [\x1b[01;35m\x1b[K\x1b]8;;https://gcc.gnu.org/onlinedocs/gcc/Warning-Options.html#index-Wpedantic\x07-Wpedantic\x1b]8;;\x07\x1b[m\x1b[K]\n'}
[2.688212] (rplidar_ros) StderrLine: {'line': b'   66 |     sl_u8 data[\x1b[01;35m\x1b[K0\x1b[m\x1b[K];\n'}
[2.688261] (rplidar_ros) StderrLine: {'line': b'      |                \x1b[01;35m\x1b[K^\x1b[m\x1b[K\n'}
[2.688380] (rplidar_ros) StderrLine: {'line': b'In file included from \x1b[01m\x1b[K/root/ros2_ws/src/ROMI-ROS2/rplidar_ros/sdk/include/sl_lidar_driver.h:54\x1b[m\x1b[K,\n'}
[2.688465] (rplidar_ros) StderrLine: {'line': b'                 from \x1b[01m\x1b[K/root/ros2_ws/src/ROMI-ROS2/rplidar_ros/sdk/src/sl_udp_channel.cpp:33\x1b[m\x1b[K:\n'}
[2.688516] (rplidar_ros) StderrLine: {'line': b'\x1b[01m\x1b[K/root/ros2_ws/src/ROMI-ROS2/rplidar_ros/sdk/include/sl_lidar_cmd.h:324:20:\x1b[m\x1b[K \x1b[01;35m\x1b[Kwarning: \x1b[m\x1b[KISO C++ forbids zero-size array \xe2\x80\x98\x1b[01m\x1b[Kpayload\x1b[m\x1b[K\xe2\x80\x99 [\x1b[01;35m\x1b[K\x1b]8;;https://gcc.gnu.org/onlinedocs/gcc/Warning-Options.html#index-Wpedantic\x07-Wpedantic\x1b]8;;\x07\x1b[m\x1b[K]\n'}
[2.688581] (rplidar_ros) StderrLine: {'line': b'  324 |     sl_u8  payload[\x1b[01;35m\x1b[K0\x1b[m\x1b[K];\n'}
[2.688630] (rplidar_ros) StderrLine: {'line': b'      |                    \x1b[01;35m\x1b[K^\x1b[m\x1b[K\n'}
[2.693569] (rplidar_ros) StderrLine: {'line': b'\x1b[01m\x1b[K/root/ros2_ws/src/ROMI-ROS2/rplidar_ros/sdk/src/sl_udp_channel.cpp:\x1b[m\x1b[K In member function \xe2\x80\x98\x1b[01m\x1b[Kvoid sl::UdpChannel::setStatus(_u32)\x1b[m\x1b[K\xe2\x80\x99:\n'}
[2.693846] (rplidar_ros) StderrLine: {'line': b'\x1b[01m\x1b[K/root/ros2_ws/src/ROMI-ROS2/rplidar_ros/sdk/src/sl_udp_channel.cpp:112:29:\x1b[m\x1b[K \x1b[01;35m\x1b[Kwarning: \x1b[m\x1b[Kunused parameter \xe2\x80\x98\x1b[01m\x1b[Kflag\x1b[m\x1b[K\xe2\x80\x99 [\x1b[01;35m\x1b[K\x1b]8;;https://gcc.gnu.org/onlinedocs/gcc/Warning-Options.html#index-Wunused-parameter\x07-Wunused-parameter\x1b]8;;\x07\x1b[m\x1b[K]\n'}
[2.693953] (rplidar_ros) StderrLine: {'line': b'  112 |         void setStatus(\x1b[01;35m\x1b[K_u32 flag\x1b[m\x1b[K){}\n'}
[2.694013] (rplidar_ros) StderrLine: {'line': b'      |                        \x1b[01;35m\x1b[K~~~~~^~~~\x1b[m\x1b[K\n'}
[2.709282] (-) TimerEvent: {}
[2.737874] (rplidar_ros) StdoutLine: {'line': b'[ 86%] \x1b[32mBuilding CXX object CMakeFiles/rplidar_node.dir/sdk/src/sl_serial_channel.cpp.o\x1b[0m\n'}
[2.738311] (rplidar_ros) StdoutLine: {'line': b'[ 89%] \x1b[32mBuilding CXX object CMakeFiles/rplidar_node.dir/sdk/src/sl_tcp_channel.cpp.o\x1b[0m\n'}
[2.753195] (rplidar_ros) StderrLine: {'line': b'In file included from \x1b[01m\x1b[K/root/ros2_ws/src/ROMI-ROS2/rplidar_ros/sdk/include/rplidar_protocol.h:36\x1b[m\x1b[K,\n'}
[2.753468] (rplidar_ros) StderrLine: {'line': b'                 from \x1b[01m\x1b[K/root/ros2_ws/src/ROMI-ROS2/rplidar_ros/sdk/include/rplidar.h:39\x1b[m\x1b[K,\n'}
[2.753555] (rplidar_ros) StderrLine: {'line': b'                 from \x1b[01m\x1b[K/root/ros2_ws/src/ROMI-ROS2/rplidar_ros/sdk/src/sdkcommon.h:49\x1b[m\x1b[K,\n'}
[2.753613] (rplidar_ros) StderrLine: {'line': b'                 from \x1b[01m\x1b[K/root/ros2_ws/src/ROMI-ROS2/rplidar_ros/sdk/src/sl_lidar_driver.cpp:33\x1b[m\x1b[K:\n'}
[2.753667] (rplidar_ros) StderrLine: {'line': b'\x1b[01m\x1b[K/root/ros2_ws/src/ROMI-ROS2/rplidar_ros/sdk/include/sl_lidar_protocol.h:66:16:\x1b[m\x1b[K \x1b[01;35m\x1b[Kwarning: \x1b[m\x1b[KISO C++ forbids zero-size array \xe2\x80\x98\x1b[01m\x1b[Kdata\x1b[m\x1b[K\xe2\x80\x99 [\x1b[01;35m\x1b[K\x1b]8;;https://gcc.gnu.org/onlinedocs/gcc/Warning-Options.html#index-Wpedantic\x07-Wpedantic\x1b]8;;\x07\x1b[m\x1b[K]\n'}
[2.753735] (rplidar_ros) StderrLine: {'line': b'   66 |     sl_u8 data[\x1b[01;35m\x1b[K0\x1b[m\x1b[K];\n'}
[2.753780] (rplidar_ros) StderrLine: {'line': b'      |                \x1b[01;35m\x1b[K^\x1b[m\x1b[K\n'}
[2.756488] (rplidar_ros) StderrLine: {'line': b'In file included from \x1b[01m\x1b[K/root/ros2_ws/src/ROMI-ROS2/rplidar_ros/sdk/include/rplidar_cmd.h:36\x1b[m\x1b[K,\n'}
[2.756724] (rplidar_ros) StderrLine: {'line': b'                 from \x1b[01m\x1b[K/root/ros2_ws/src/ROMI-ROS2/rplidar_ros/sdk/include/rplidar.h:40\x1b[m\x1b[K,\n'}
[2.756795] (rplidar_ros) StderrLine: {'line': b'                 from \x1b[01m\x1b[K/root/ros2_ws/src/ROMI-ROS2/rplidar_ros/sdk/src/sdkcommon.h:49\x1b[m\x1b[K,\n'}
[2.756849] (rplidar_ros) StderrLine: {'line': b'                 from \x1b[01m\x1b[K/root/ros2_ws/src/ROMI-ROS2/rplidar_ros/sdk/src/sl_lidar_driver.cpp:33\x1b[m\x1b[K:\n'}
[2.756898] (rplidar_ros) StderrLine: {'line': b'\x1b[01m\x1b[K/root/ros2_ws/src/ROMI-ROS2/rplidar_ros/sdk/include/sl_lidar_cmd.h:324:20:\x1b[m\x1b[K \x1b[01;35m\x1b[Kwarning: \x1b[m\x1b[KISO C++ forbids zero-size array \xe2\x80\x98\x1b[01m\x1b[Kpayload\x1b[m\x1b[K\xe2\x80\x99 [\x1b[01;35m\x1b[K\x1b]8;;https://gcc.gnu.org/onlinedocs/gcc/Warning-Options.html#index-Wpedantic\x07-Wpedantic\x1b]8;;\x07\x1b[m\x1b[K]\n'}
[2.756954] (rplidar_ros) StderrLine: {'line': b'  324 |     sl_u8  payload[\x1b[01;35m\x1b[K0\x1b[m\x1b[K];\n'}
[2.757001] (rplidar_ros) StderrLine: {'line': b'      |                    \x1b[01;35m\x1b[K^\x1b[m\x1b[K\n'}
[2.757049] (rplidar_ros) StdoutLine: {'line': b'[ 92%] \x1b[32mBuilding CXX object CMakeFiles/rplidar_node.dir/sdk/src/sl_udp_channel.cpp.o\x1b[0m\n'}
[2.787439] (rplidar_ros) StderrLine: {'line': b'In file included from \x1b[01m\x1b[K/root/ros2_ws/src/ROMI-ROS2/rplidar_ros/sdk/src/sl_async_transceiver.cpp:44\x1b[m\x1b[K:\n'}
[2.787739] (rplidar_ros) StderrLine: {'line': b'\x1b[01m\x1b[K/root/ros2_ws/src/ROMI-ROS2/rplidar_ros/sdk/src/sl_async_transceiver.h:\x1b[m\x1b[K In member function \xe2\x80\x98\x1b[01m\x1b[Kvirtual void sl::internal::IAsyncProtocolCodec::onChannelError(u_result)\x1b[m\x1b[K\xe2\x80\x99:\n'}
[2.787864] (rplidar_ros) StderrLine: {'line': b'\x1b[01m\x1b[K/root/ros2_ws/src/ROMI-ROS2/rplidar_ros/sdk/src/sl_async_transceiver.h:90:48:\x1b[m\x1b[K \x1b[01;35m\x1b[Kwarning: \x1b[m\x1b[Kunused parameter \xe2\x80\x98\x1b[01m\x1b[KerrCode\x1b[m\x1b[K\xe2\x80\x99 [\x1b[01;35m\x1b[K\x1b]8;;https://gcc.gnu.org/onlinedocs/gcc/Warning-Options.html#index-Wunused-parameter\x07-Wunused-parameter\x1b]8;;\x07\x1b[m\x1b[K]\n'}
[2.787947] (rplidar_ros) StderrLine: {'line': b'   90 |         virtual void   onChannelError(\x1b[01;35m\x1b[Ku_result errCode\x1b[m\x1b[K) {}\n'}
[2.788030] (rplidar_ros) StderrLine: {'line': b'      |                                       \x1b[01;35m\x1b[K~~~~~~~~~^~~~~~~\x1b[m\x1b[K\n'}
[2.808287] (rplidar_ros) StderrLine: {'line': b'In file included from \x1b[01m\x1b[K/root/ros2_ws/src/ROMI-ROS2/rplidar_ros/sdk/include/rplidar_protocol.h:36\x1b[m\x1b[K,\n'}
[2.808600] (rplidar_ros) StderrLine: {'line': b'                 from \x1b[01m\x1b[K/root/ros2_ws/src/ROMI-ROS2/rplidar_ros/sdk/include/rplidar.h:39\x1b[m\x1b[K,\n'}
[2.808700] (rplidar_ros) StderrLine: {'line': b'                 from \x1b[01m\x1b[K/root/ros2_ws/src/ROMI-ROS2/rplidar_ros/sdk/src/sdkcommon.h:49\x1b[m\x1b[K,\n'}
[2.808765] (rplidar_ros) StderrLine: {'line': b'                 from \x1b[01m\x1b[K/root/ros2_ws/src/ROMI-ROS2/rplidar_ros/sdk/src/sl_lidarprotocol_codec.cpp:35\x1b[m\x1b[K:\n'}
[2.808820] (rplidar_ros) StderrLine: {'line': b'\x1b[01m\x1b[K/root/ros2_ws/src/ROMI-ROS2/rplidar_ros/sdk/include/sl_lidar_protocol.h:66:16:\x1b[m\x1b[K \x1b[01;35m\x1b[Kwarning: \x1b[m\x1b[KISO C++ forbids zero-size array \xe2\x80\x98\x1b[01m\x1b[Kdata\x1b[m\x1b[K\xe2\x80\x99 [\x1b[01;35m\x1b[K\x1b]8;;https://gcc.gnu.org/onlinedocs/gcc/Warning-Options.html#index-Wpedantic\x07-Wpedantic\x1b]8;;\x07\x1b[m\x1b[K]\n'}
[2.808895] (rplidar_ros) StderrLine: {'line': b'   66 |     sl_u8 data[\x1b[01;35m\x1b[K0\x1b[m\x1b[K];\n'}
[2.808948] (rplidar_ros) StderrLine: {'line': b'      |                \x1b[01;35m\x1b[K^\x1b[m\x1b[K\n'}
[2.809354] (-) TimerEvent: {}
[2.812475] (rplidar_ros) StderrLine: {'line': b'In file included from \x1b[01m\x1b[K/root/ros2_ws/src/ROMI-ROS2/rplidar_ros/sdk/include/rplidar_cmd.h:36\x1b[m\x1b[K,\n'}
[2.812732] (rplidar_ros) StderrLine: {'line': b'                 from \x1b[01m\x1b[K/root/ros2_ws/src/ROMI-ROS2/rplidar_ros/sdk/include/rplidar.h:40\x1b[m\x1b[K,\n'}
[2.812855] (rplidar_ros) StderrLine: {'line': b'                 from \x1b[01m\x1b[K/root/ros2_ws/src/ROMI-ROS2/rplidar_ros/sdk/src/sdkcommon.h:49\x1b[m\x1b[K,\n'}
[2.812937] (rplidar_ros) StderrLine: {'line': b'                 from \x1b[01m\x1b[K/root/ros2_ws/src/ROMI-ROS2/rplidar_ros/sdk/src/sl_lidarprotocol_codec.cpp:35\x1b[m\x1b[K:\n'}
[2.813004] (rplidar_ros) StderrLine: {'line': b'\x1b[01m\x1b[K/root/ros2_ws/src/ROMI-ROS2/rplidar_ros/sdk/include/sl_lidar_cmd.h:324:20:\x1b[m\x1b[K \x1b[01;35m\x1b[Kwarning: \x1b[m\x1b[KISO C++ forbids zero-size array \xe2\x80\x98\x1b[01m\x1b[Kpayload\x1b[m\x1b[K\xe2\x80\x99 [\x1b[01;35m\x1b[K\x1b]8;;https://gcc.gnu.org/onlinedocs/gcc/Warning-Options.html#index-Wpedantic\x07-Wpedantic\x1b]8;;\x07\x1b[m\x1b[K]\n'}
[2.813088] (rplidar_ros) StderrLine: {'line': b'  324 |     sl_u8  payload[\x1b[01;35m\x1b[K0\x1b[m\x1b[K];\n'}
[2.813142] (rplidar_ros) StderrLine: {'line': b'      |                    \x1b[01;35m\x1b[K^\x1b[m\x1b[K\n'}
[2.871103] (rplidar_ros) StderrLine: {'line': b'In file included from \x1b[01m\x1b[K/root/ros2_ws/src/ROMI-ROS2/rplidar_ros/sdk/src/sl_async_transceiver.cpp:44\x1b[m\x1b[K:\n'}
[2.871408] (rplidar_ros) StderrLine: {'line': b'\x1b[01m\x1b[K/root/ros2_ws/src/ROMI-ROS2/rplidar_ros/sdk/src/sl_async_transceiver.h:\x1b[m\x1b[K In member function \xe2\x80\x98\x1b[01m\x1b[Kvirtual void sl::internal::IAsyncProtocolCodec::onChannelError(u_result)\x1b[m\x1b[K\xe2\x80\x99:\n'}
[2.871521] (rplidar_ros) StderrLine: {'line': b'\x1b[01m\x1b[K/root/ros2_ws/src/ROMI-ROS2/rplidar_ros/sdk/src/sl_async_transceiver.h:90:48:\x1b[m\x1b[K \x1b[01;35m\x1b[Kwarning: \x1b[m\x1b[Kunused parameter \xe2\x80\x98\x1b[01m\x1b[KerrCode\x1b[m\x1b[K\xe2\x80\x99 [\x1b[01;35m\x1b[K\x1b]8;;https://gcc.gnu.org/onlinedocs/gcc/Warning-Options.html#index-Wunused-parameter\x07-Wunused-parameter\x1b]8;;\x07\x1b[m\x1b[K]\n'}
[2.871601] (rplidar_ros) StderrLine: {'line': b'   90 |         virtual void   onChannelError(\x1b[01;35m\x1b[Ku_result errCode\x1b[m\x1b[K) {}\n'}
[2.871657] (rplidar_ros) StderrLine: {'line': b'      |                                       \x1b[01;35m\x1b[K~~~~~~~~~^~~~~~~\x1b[m\x1b[K\n'}
[2.887755] (rplidar_ros) StderrLine: {'line': b'In file included from \x1b[01m\x1b[K/root/ros2_ws/src/ROMI-ROS2/rplidar_ros/sdk/include/rplidar_protocol.h:36\x1b[m\x1b[K,\n'}
[2.888089] (rplidar_ros) StderrLine: {'line': b'                 from \x1b[01m\x1b[K/root/ros2_ws/src/ROMI-ROS2/rplidar_ros/sdk/include/rplidar.h:39\x1b[m\x1b[K,\n'}
[2.888414] (rplidar_ros) StderrLine: {'line': b'                 from \x1b[01m\x1b[K/root/ros2_ws/src/ROMI-ROS2/rplidar_ros/sdk/src/sdkcommon.h:49\x1b[m\x1b[K,\n'}
[2.888575] (rplidar_ros) StderrLine: {'line': b'                 from \x1b[01m\x1b[K/root/ros2_ws/src/ROMI-ROS2/rplidar_ros/sdk/src/sl_lidar_driver.cpp:33\x1b[m\x1b[K:\n'}
[2.888653] (rplidar_ros) StderrLine: {'line': b'\x1b[01m\x1b[K/root/ros2_ws/src/ROMI-ROS2/rplidar_ros/sdk/include/sl_lidar_protocol.h:66:16:\x1b[m\x1b[K \x1b[01;35m\x1b[Kwarning: \x1b[m\x1b[KISO C++ forbids zero-size array \xe2\x80\x98\x1b[01m\x1b[Kdata\x1b[m\x1b[K\xe2\x80\x99 [\x1b[01;35m\x1b[K\x1b]8;;https://gcc.gnu.org/onlinedocs/gcc/Warning-Options.html#index-Wpedantic\x07-Wpedantic\x1b]8;;\x07\x1b[m\x1b[K]\n'}
[2.888779] (rplidar_ros) StderrLine: {'line': b'   66 |     sl_u8 data[\x1b[01;35m\x1b[K0\x1b[m\x1b[K];\n'}
[2.888839] (rplidar_ros) StderrLine: {'line': b'      |                \x1b[01;35m\x1b[K^\x1b[m\x1b[K\n'}
[2.891221] (rplidar_ros) StderrLine: {'line': b'In file included from \x1b[01m\x1b[K/root/ros2_ws/src/ROMI-ROS2/rplidar_ros/sdk/include/rplidar_cmd.h:36\x1b[m\x1b[K,\n'}
[2.891389] (rplidar_ros) StderrLine: {'line': b'                 from \x1b[01m\x1b[K/root/ros2_ws/src/ROMI-ROS2/rplidar_ros/sdk/include/rplidar.h:40\x1b[m\x1b[K,\n'}
[2.891470] (rplidar_ros) StderrLine: {'line': b'                 from \x1b[01m\x1b[K/root/ros2_ws/src/ROMI-ROS2/rplidar_ros/sdk/src/sdkcommon.h:49\x1b[m\x1b[K,\n'}
[2.891523] (rplidar_ros) StderrLine: {'line': b'                 from \x1b[01m\x1b[K/root/ros2_ws/src/ROMI-ROS2/rplidar_ros/sdk/src/sl_lidar_driver.cpp:33\x1b[m\x1b[K:\n'}
[2.891574] (rplidar_ros) StderrLine: {'line': b'\x1b[01m\x1b[K/root/ros2_ws/src/ROMI-ROS2/rplidar_ros/sdk/include/sl_lidar_cmd.h:324:20:\x1b[m\x1b[K \x1b[01;35m\x1b[Kwarning: \x1b[m\x1b[KISO C++ forbids zero-size array \xe2\x80\x98\x1b[01m\x1b[Kpayload\x1b[m\x1b[K\xe2\x80\x99 [\x1b[01;35m\x1b[K\x1b]8;;https://gcc.gnu.org/onlinedocs/gcc/Warning-Options.html#index-Wpedantic\x07-Wpedantic\x1b]8;;\x07\x1b[m\x1b[K]\n'}
[2.891631] (rplidar_ros) StderrLine: {'line': b'  324 |     sl_u8  payload[\x1b[01;35m\x1b[K0\x1b[m\x1b[K];\n'}
[2.891678] (rplidar_ros) StderrLine: {'line': b'      |                    \x1b[01;35m\x1b[K^\x1b[m\x1b[K\n'}
[2.909506] (-) TimerEvent: {}
[2.995987] (rplidar_ros) StderrLine: {'line': b'In file included from \x1b[01m\x1b[K/root/ros2_ws/src/ROMI-ROS2/rplidar_ros/sdk/include/sl_lidar_cmd.h:41\x1b[m\x1b[K,\n'}
[2.996631] (rplidar_ros) StderrLine: {'line': b'                 from \x1b[01m\x1b[K/root/ros2_ws/src/ROMI-ROS2/rplidar_ros/sdk/include/sl_lidar_driver.h:54\x1b[m\x1b[K,\n'}
[2.996943] (rplidar_ros) StderrLine: {'line': b'                 from \x1b[01m\x1b[K/root/ros2_ws/src/ROMI-ROS2/rplidar_ros/sdk/src/sl_udp_channel.cpp:33\x1b[m\x1b[K:\n'}
[2.997108] (rplidar_ros) StderrLine: {'line': b'\x1b[01m\x1b[K/root/ros2_ws/src/ROMI-ROS2/rplidar_ros/sdk/include/sl_lidar_protocol.h:66:16:\x1b[m\x1b[K \x1b[01;35m\x1b[Kwarning: \x1b[m\x1b[KISO C++ forbids zero-size array \xe2\x80\x98\x1b[01m\x1b[Kdata\x1b[m\x1b[K\xe2\x80\x99 [\x1b[01;35m\x1b[K\x1b]8;;https://gcc.gnu.org/onlinedocs/gcc/Warning-Options.html#index-Wpedantic\x07-Wpedantic\x1b]8;;\x07\x1b[m\x1b[K]\n'}
[2.997242] (rplidar_ros) StderrLine: {'line': b'   66 |     sl_u8 data[\x1b[01;35m\x1b[K0\x1b[m\x1b[K];\n'}
[3.000645] (rplidar_ros) StderrLine: {'line': b'      |                \x1b[01;35m\x1b[K^\x1b[m\x1b[K\n'}
[3.000777] (rplidar_ros) StderrLine: {'line': b'In file included from \x1b[01m\x1b[K/root/ros2_ws/src/ROMI-ROS2/rplidar_ros/sdk/include/sl_lidar_driver.h:54\x1b[m\x1b[K,\n'}
[3.001027] (rplidar_ros) StderrLine: {'line': b'                 from \x1b[01m\x1b[K/root/ros2_ws/src/ROMI-ROS2/rplidar_ros/sdk/src/sl_udp_channel.cpp:33\x1b[m\x1b[K:\n'}
[3.001098] (rplidar_ros) StderrLine: {'line': b'\x1b[01m\x1b[K/root/ros2_ws/src/ROMI-ROS2/rplidar_ros/sdk/include/sl_lidar_cmd.h:324:20:\x1b[m\x1b[K \x1b[01;35m\x1b[Kwarning: \x1b[m\x1b[KISO C++ forbids zero-size array \xe2\x80\x98\x1b[01m\x1b[Kpayload\x1b[m\x1b[K\xe2\x80\x99 [\x1b[01;35m\x1b[K\x1b]8;;https://gcc.gnu.org/onlinedocs/gcc/Warning-Options.html#index-Wpedantic\x07-Wpedantic\x1b]8;;\x07\x1b[m\x1b[K]\n'}
[3.001159] (rplidar_ros) StderrLine: {'line': b'  324 |     sl_u8  payload[\x1b[01;35m\x1b[K0\x1b[m\x1b[K];\n'}
[3.001203] (rplidar_ros) StderrLine: {'line': b'      |                    \x1b[01;35m\x1b[K^\x1b[m\x1b[K\n'}
[3.001244] (rplidar_ros) StderrLine: {'line': b'In file included from \x1b[01m\x1b[K/root/ros2_ws/src/ROMI-ROS2/rplidar_ros/sdk/src/sl_lidarprotocol_codec.cpp:49\x1b[m\x1b[K:\n'}
[3.001286] (rplidar_ros) StderrLine: {'line': b'\x1b[01m\x1b[K/root/ros2_ws/src/ROMI-ROS2/rplidar_ros/sdk/src/sl_async_transceiver.h:\x1b[m\x1b[K In member function \xe2\x80\x98\x1b[01m\x1b[Kvirtual void sl::internal::IAsyncProtocolCodec::onChannelError(u_result)\x1b[m\x1b[K\xe2\x80\x99:\n'}
[3.001330] (rplidar_ros) StderrLine: {'line': b'\x1b[01m\x1b[K/root/ros2_ws/src/ROMI-ROS2/rplidar_ros/sdk/src/sl_async_transceiver.h:90:48:\x1b[m\x1b[K \x1b[01;35m\x1b[Kwarning: \x1b[m\x1b[Kunused parameter \xe2\x80\x98\x1b[01m\x1b[KerrCode\x1b[m\x1b[K\xe2\x80\x99 [\x1b[01;35m\x1b[K\x1b]8;;https://gcc.gnu.org/onlinedocs/gcc/Warning-Options.html#index-Wunused-parameter\x07-Wunused-parameter\x1b]8;;\x07\x1b[m\x1b[K]\n'}
[3.001376] (rplidar_ros) StderrLine: {'line': b'   90 |         virtual void   onChannelError(\x1b[01;35m\x1b[Ku_result errCode\x1b[m\x1b[K) {}\n'}
[3.001416] (rplidar_ros) StderrLine: {'line': b'      |                                       \x1b[01;35m\x1b[K~~~~~~~~~^~~~~~~\x1b[m\x1b[K\n'}
[3.001465] (rplidar_ros) StderrLine: {'line': b'\x1b[01m\x1b[K/root/ros2_ws/src/ROMI-ROS2/rplidar_ros/sdk/src/sl_udp_channel.cpp:\x1b[m\x1b[K In member function \xe2\x80\x98\x1b[01m\x1b[Kvoid sl::UdpChannel::setStatus(_u32)\x1b[m\x1b[K\xe2\x80\x99:\n'}
[3.001508] (rplidar_ros) StderrLine: {'line': b'\x1b[01m\x1b[K/root/ros2_ws/src/ROMI-ROS2/rplidar_ros/sdk/src/sl_udp_channel.cpp:112:29:\x1b[m\x1b[K \x1b[01;35m\x1b[Kwarning: \x1b[m\x1b[Kunused parameter \xe2\x80\x98\x1b[01m\x1b[Kflag\x1b[m\x1b[K\xe2\x80\x99 [\x1b[01;35m\x1b[K\x1b]8;;https://gcc.gnu.org/onlinedocs/gcc/Warning-Options.html#index-Wunused-parameter\x07-Wunused-parameter\x1b]8;;\x07\x1b[m\x1b[K]\n'}
[3.001559] (rplidar_ros) StderrLine: {'line': b'  112 |         void setStatus(\x1b[01;35m\x1b[K_u32 flag\x1b[m\x1b[K){}\n'}
[3.001599] (rplidar_ros) StderrLine: {'line': b'      |                        \x1b[01;35m\x1b[K~~~~~^~~~\x1b[m\x1b[K\n'}
[3.003313] (rplidar_ros) StderrLine: {'line': b'In file included from \x1b[01m\x1b[K/root/ros2_ws/src/ROMI-ROS2/rplidar_ros/sdk/include/sl_lidar_cmd.h:41\x1b[m\x1b[K,\n'}
[3.003542] (rplidar_ros) StderrLine: {'line': b'                 from \x1b[01m\x1b[K/root/ros2_ws/src/ROMI-ROS2/rplidar_ros/sdk/include/sl_lidar_driver.h:54\x1b[m\x1b[K,\n'}
[3.003631] (rplidar_ros) StderrLine: {'line': b'                 from \x1b[01m\x1b[K/root/ros2_ws/src/ROMI-ROS2/rplidar_ros/sdk/src/sl_serial_channel.cpp:33\x1b[m\x1b[K:\n'}
[3.003693] (rplidar_ros) StderrLine: {'line': b'\x1b[01m\x1b[K/root/ros2_ws/src/ROMI-ROS2/rplidar_ros/sdk/include/sl_lidar_protocol.h:66:16:\x1b[m\x1b[K \x1b[01;35m\x1b[Kwarning: \x1b[m\x1b[KISO C++ forbids zero-size array \xe2\x80\x98\x1b[01m\x1b[Kdata\x1b[m\x1b[K\xe2\x80\x99 [\x1b[01;35m\x1b[K\x1b]8;;https://gcc.gnu.org/onlinedocs/gcc/Warning-Options.html#index-Wpedantic\x07-Wpedantic\x1b]8;;\x07\x1b[m\x1b[K]\n'}
[3.003762] (rplidar_ros) StderrLine: {'line': b'   66 |     sl_u8 data[\x1b[01;35m\x1b[K0\x1b[m\x1b[K];\n'}
[3.003813] (rplidar_ros) StderrLine: {'line': b'      |                \x1b[01;35m\x1b[K^\x1b[m\x1b[K\n'}
[3.004378] (rplidar_ros) StderrLine: {'line': b'In file included from \x1b[01m\x1b[K/root/ros2_ws/src/ROMI-ROS2/rplidar_ros/sdk/include/sl_lidar_driver.h:54\x1b[m\x1b[K,\n'}
[3.004555] (rplidar_ros) StderrLine: {'line': b'                 from \x1b[01m\x1b[K/root/ros2_ws/src/ROMI-ROS2/rplidar_ros/sdk/src/sl_serial_channel.cpp:33\x1b[m\x1b[K:\n'}
[3.004691] (rplidar_ros) StderrLine: {'line': b'\x1b[01m\x1b[K/root/ros2_ws/src/ROMI-ROS2/rplidar_ros/sdk/include/sl_lidar_cmd.h:324:20:\x1b[m\x1b[K \x1b[01;35m\x1b[Kwarning: \x1b[m\x1b[KISO C++ forbids zero-size array \xe2\x80\x98\x1b[01m\x1b[Kpayload\x1b[m\x1b[K\xe2\x80\x99 [\x1b[01;35m\x1b[K\x1b]8;;https://gcc.gnu.org/onlinedocs/gcc/Warning-Options.html#index-Wpedantic\x07-Wpedantic\x1b]8;;\x07\x1b[m\x1b[K]\n'}
[3.004797] (rplidar_ros) StderrLine: {'line': b'  324 |     sl_u8  payload[\x1b[01;35m\x1b[K0\x1b[m\x1b[K];\n'}
[3.004888] (rplidar_ros) StderrLine: {'line': b'      |                    \x1b[01;35m\x1b[K^\x1b[m\x1b[K\n'}
[3.009602] (-) TimerEvent: {}
[3.009914] (rplidar_ros) StderrLine: {'line': b'In file included from \x1b[01m\x1b[K/root/ros2_ws/src/ROMI-ROS2/rplidar_ros/sdk/include/sl_lidar_cmd.h:41\x1b[m\x1b[K,\n'}
[3.010133] (rplidar_ros) StderrLine: {'line': b'                 from \x1b[01m\x1b[K/root/ros2_ws/src/ROMI-ROS2/rplidar_ros/sdk/include/sl_lidar_driver.h:54\x1b[m\x1b[K,\n'}
[3.010300] (rplidar_ros) StderrLine: {'line': b'                 from \x1b[01m\x1b[K/root/ros2_ws/src/ROMI-ROS2/rplidar_ros/sdk/src/sl_tcp_channel.cpp:33\x1b[m\x1b[K:\n'}
[3.010377] (rplidar_ros) StderrLine: {'line': b'\x1b[01m\x1b[K/root/ros2_ws/src/ROMI-ROS2/rplidar_ros/sdk/include/sl_lidar_protocol.h:66:16:\x1b[m\x1b[K \x1b[01;35m\x1b[Kwarning: \x1b[m\x1b[KISO C++ forbids zero-size array \xe2\x80\x98\x1b[01m\x1b[Kdata\x1b[m\x1b[K\xe2\x80\x99 [\x1b[01;35m\x1b[K\x1b]8;;https://gcc.gnu.org/onlinedocs/gcc/Warning-Options.html#index-Wpedantic\x07-Wpedantic\x1b]8;;\x07\x1b[m\x1b[K]\n'}
[3.010443] (rplidar_ros) StderrLine: {'line': b'   66 |     sl_u8 data[\x1b[01;35m\x1b[K0\x1b[m\x1b[K];\n'}
[3.010493] (rplidar_ros) StderrLine: {'line': b'      |                \x1b[01;35m\x1b[K^\x1b[m\x1b[K\n'}
[3.010541] (rplidar_ros) StderrLine: {'line': b'In file included from \x1b[01m\x1b[K/root/ros2_ws/src/ROMI-ROS2/rplidar_ros/sdk/include/sl_lidar_driver.h:54\x1b[m\x1b[K,\n'}
[3.010589] (rplidar_ros) StderrLine: {'line': b'                 from \x1b[01m\x1b[K/root/ros2_ws/src/ROMI-ROS2/rplidar_ros/sdk/src/sl_tcp_channel.cpp:33\x1b[m\x1b[K:\n'}
[3.010644] (rplidar_ros) StderrLine: {'line': b'\x1b[01m\x1b[K/root/ros2_ws/src/ROMI-ROS2/rplidar_ros/sdk/include/sl_lidar_cmd.h:324:20:\x1b[m\x1b[K \x1b[01;35m\x1b[Kwarning: \x1b[m\x1b[KISO C++ forbids zero-size array \xe2\x80\x98\x1b[01m\x1b[Kpayload\x1b[m\x1b[K\xe2\x80\x99 [\x1b[01;35m\x1b[K\x1b]8;;https://gcc.gnu.org/onlinedocs/gcc/Warning-Options.html#index-Wpedantic\x07-Wpedantic\x1b]8;;\x07\x1b[m\x1b[K]\n'}
[3.010697] (rplidar_ros) StderrLine: {'line': b'  324 |     sl_u8  payload[\x1b[01;35m\x1b[K0\x1b[m\x1b[K];\n'}
[3.010743] (rplidar_ros) StderrLine: {'line': b'      |                    \x1b[01;35m\x1b[K^\x1b[m\x1b[K\n'}
[3.015019] (rplidar_ros) StderrLine: {'line': b'\x1b[01m\x1b[K/root/ros2_ws/src/ROMI-ROS2/rplidar_ros/sdk/src/sl_tcp_channel.cpp:\x1b[m\x1b[K In member function \xe2\x80\x98\x1b[01m\x1b[Kvoid sl::TcpChannel::setStatus(_u32)\x1b[m\x1b[K\xe2\x80\x99:\n'}
[3.015711] (rplidar_ros) StderrLine: {'line': b'\x1b[01m\x1b[K/root/ros2_ws/src/ROMI-ROS2/rplidar_ros/sdk/src/sl_tcp_channel.cpp:109:29:\x1b[m\x1b[K \x1b[01;35m\x1b[Kwarning: \x1b[m\x1b[Kunused parameter \xe2\x80\x98\x1b[01m\x1b[Kflag\x1b[m\x1b[K\xe2\x80\x99 [\x1b[01;35m\x1b[K\x1b]8;;https://gcc.gnu.org/onlinedocs/gcc/Warning-Options.html#index-Wunused-parameter\x07-Wunused-parameter\x1b]8;;\x07\x1b[m\x1b[K]\n'}
[3.015887] (rplidar_ros) StderrLine: {'line': b'  109 |         void setStatus(\x1b[01;35m\x1b[K_u32 flag\x1b[m\x1b[K){}\n'}
[3.015974] (rplidar_ros) StderrLine: {'line': b'      |                        \x1b[01;35m\x1b[K~~~~~^~~~\x1b[m\x1b[K\n'}
[3.032509] (rplidar_ros) StderrLine: {'line': b'In file included from \x1b[01m\x1b[K/root/ros2_ws/src/ROMI-ROS2/rplidar_ros/sdk/src/sl_lidar_driver.cpp:50\x1b[m\x1b[K:\n'}
[3.032823] (rplidar_ros) StderrLine: {'line': b'\x1b[01m\x1b[K/root/ros2_ws/src/ROMI-ROS2/rplidar_ros/sdk/src/dataunpacker/dataunpacker.h:\x1b[m\x1b[K In member function \xe2\x80\x98\x1b[01m\x1b[Kvirtual void sl::internal::LIDARSampleDataListener::onCustomSampleDataDecoded(_u8, _u32, const void*, size_t)\x1b[m\x1b[K\xe2\x80\x99:\n'}
[3.033017] (rplidar_ros) StderrLine: {'line': b'\x1b[01m\x1b[K/root/ros2_ws/src/ROMI-ROS2/rplidar_ros/sdk/src/dataunpacker/dataunpacker.h:54:52:\x1b[m\x1b[K \x1b[01;35m\x1b[Kwarning: \x1b[m\x1b[Kunused parameter \xe2\x80\x98\x1b[01m\x1b[KansType\x1b[m\x1b[K\xe2\x80\x99 [\x1b[01;35m\x1b[K\x1b]8;;https://gcc.gnu.org/onlinedocs/gcc/Warning-Options.html#index-Wunused-parameter\x07-Wunused-parameter\x1b]8;;\x07\x1b[m\x1b[K]\n'}
[3.035531] (rplidar_ros) StderrLine: {'line': b'   54 |         virtual void onCustomSampleDataDecoded(\x1b[01;35m\x1b[K_u8 ansType\x1b[m\x1b[K, _u32 customCode, const void* data, size_t size) {}\n'}
[3.035705] (rplidar_ros) StderrLine: {'line': b'      |                                                \x1b[01;35m\x1b[K~~~~^~~~~~~\x1b[m\x1b[K\n'}
[3.035765] (rplidar_ros) StderrLine: {'line': b'\x1b[01m\x1b[K/root/ros2_ws/src/ROMI-ROS2/rplidar_ros/sdk/src/dataunpacker/dataunpacker.h:54:66:\x1b[m\x1b[K \x1b[01;35m\x1b[Kwarning: \x1b[m\x1b[Kunused parameter \xe2\x80\x98\x1b[01m\x1b[KcustomCode\x1b[m\x1b[K\xe2\x80\x99 [\x1b[01;35m\x1b[K\x1b]8;;https://gcc.gnu.org/onlinedocs/gcc/Warning-Options.html#index-Wunused-parameter\x07-Wunused-parameter\x1b]8;;\x07\x1b[m\x1b[K]\n'}
[3.035818] (rplidar_ros) StderrLine: {'line': b'   54 |         virtual void onCustomSampleDataDecoded(_u8 ansType, \x1b[01;35m\x1b[K_u32 customCode\x1b[m\x1b[K, const void* data, size_t size) {}\n'}
[3.035862] (rplidar_ros) StderrLine: {'line': b'      |                                                             \x1b[01;35m\x1b[K~~~~~^~~~~~~~~~\x1b[m\x1b[K\n'}
[3.035905] (rplidar_ros) StderrLine: {'line': b'\x1b[01m\x1b[K/root/ros2_ws/src/ROMI-ROS2/rplidar_ros/sdk/src/dataunpacker/dataunpacker.h:54:90:\x1b[m\x1b[K \x1b[01;35m\x1b[Kwarning: \x1b[m\x1b[Kunused parameter \xe2\x80\x98\x1b[01m\x1b[Kdata\x1b[m\x1b[K\xe2\x80\x99 [\x1b[01;35m\x1b[K\x1b]8;;https://gcc.gnu.org/onlinedocs/gcc/Warning-Options.html#index-Wunused-parameter\x07-Wunused-parameter\x1b]8;;\x07\x1b[m\x1b[K]\n'}
[3.035951] (rplidar_ros) StderrLine: {'line': b'   54 |         virtual void onCustomSampleDataDecoded(_u8 ansType, _u32 customCode, \x1b[01;35m\x1b[Kconst void* data\x1b[m\x1b[K, size_t size) {}\n'}
[3.035991] (rplidar_ros) StderrLine: {'line': b'      |                                                                              \x1b[01;35m\x1b[K~~~~~~~~~~~~^~~~\x1b[m\x1b[K\n'}
[3.036030] (rplidar_ros) StderrLine: {'line': b'\x1b[01m\x1b[K/root/ros2_ws/src/ROMI-ROS2/rplidar_ros/sdk/src/dataunpacker/dataunpacker.h:54:103:\x1b[m\x1b[K \x1b[01;35m\x1b[Kwarning: \x1b[m\x1b[Kunused parameter \xe2\x80\x98\x1b[01m\x1b[Ksize\x1b[m\x1b[K\xe2\x80\x99 [\x1b[01;35m\x1b[K\x1b]8;;https://gcc.gnu.org/onlinedocs/gcc/Warning-Options.html#index-Wunused-parameter\x07-Wunused-parameter\x1b]8;;\x07\x1b[m\x1b[K]\n'}
[3.036071] (rplidar_ros) StderrLine: {'line': b'   54 |         virtual void onCustomSampleDataDecoded(_u8 ansType, _u32 customCode, const void* data, \x1b[01;35m\x1b[Ksize_t size\x1b[m\x1b[K) {}\n'}
[3.036108] (rplidar_ros) StderrLine: {'line': b'      |                                                                                                \x1b[01;35m\x1b[K~~~~~~~^~~~\x1b[m\x1b[K\n'}
[3.036145] (rplidar_ros) StderrLine: {'line': b'\x1b[01m\x1b[K/root/ros2_ws/src/ROMI-ROS2/rplidar_ros/sdk/src/dataunpacker/dataunpacker.h:\x1b[m\x1b[K In member function \xe2\x80\x98\x1b[01m\x1b[Kvirtual void sl::internal::LIDARSampleDataListener::onDecodingError(int, _u8, const void*, size_t)\x1b[m\x1b[K\xe2\x80\x99:\n'}
[3.036188] (rplidar_ros) StderrLine: {'line': b'\x1b[01m\x1b[K/root/ros2_ws/src/ROMI-ROS2/rplidar_ros/sdk/src/dataunpacker/dataunpacker.h:56:42:\x1b[m\x1b[K \x1b[01;35m\x1b[Kwarning: \x1b[m\x1b[Kunused parameter \xe2\x80\x98\x1b[01m\x1b[KerrMsg\x1b[m\x1b[K\xe2\x80\x99 [\x1b[01;35m\x1b[K\x1b]8;;https://gcc.gnu.org/onlinedocs/gcc/Warning-Options.html#index-Wunused-parameter\x07-Wunused-parameter\x1b]8;;\x07\x1b[m\x1b[K]\n'}
[3.036236] (rplidar_ros) StderrLine: {'line': b'   56 |         virtual void onDecodingError(\x1b[01;35m\x1b[Kint errMsg\x1b[m\x1b[K, _u8 ansType, const void* payload, size_t size) {}\n'}
[3.036282] (rplidar_ros) StderrLine: {'line': b'      |                                      \x1b[01;35m\x1b[K~~~~^~~~~~\x1b[m\x1b[K\n'}
[3.036322] (rplidar_ros) StderrLine: {'line': b'\x1b[01m\x1b[K/root/ros2_ws/src/ROMI-ROS2/rplidar_ros/sdk/src/dataunpacker/dataunpacker.h:56:54:\x1b[m\x1b[K \x1b[01;35m\x1b[Kwarning: \x1b[m\x1b[Kunused parameter \xe2\x80\x98\x1b[01m\x1b[KansType\x1b[m\x1b[K\xe2\x80\x99 [\x1b[01;35m\x1b[K\x1b]8;;https://gcc.gnu.org/onlinedocs/gcc/Warning-Options.html#index-Wunused-parameter\x07-Wunused-parameter\x1b]8;;\x07\x1b[m\x1b[K]\n'}
[3.036366] (rplidar_ros) StderrLine: {'line': b'   56 |         virtual void onDecodingError(int errMsg, \x1b[01;35m\x1b[K_u8 ansType\x1b[m\x1b[K, const void* payload, size_t size) {}\n'}
[3.036407] (rplidar_ros) StderrLine: {'line': b'      |                                                  \x1b[01;35m\x1b[K~~~~^~~~~~~\x1b[m\x1b[K\n'}
[3.036451] (rplidar_ros) StderrLine: {'line': b'\x1b[01m\x1b[K/root/ros2_ws/src/ROMI-ROS2/rplidar_ros/sdk/src/dataunpacker/dataunpacker.h:56:75:\x1b[m\x1b[K \x1b[01;35m\x1b[Kwarning: \x1b[m\x1b[Kunused parameter \xe2\x80\x98\x1b[01m\x1b[Kpayload\x1b[m\x1b[K\xe2\x80\x99 [\x1b[01;35m\x1b[K\x1b]8;;https://gcc.gnu.org/onlinedocs/gcc/Warning-Options.html#index-Wunused-parameter\x07-Wunused-parameter\x1b]8;;\x07\x1b[m\x1b[K]\n'}
[3.036496] (rplidar_ros) StderrLine: {'line': b'   56 |         virtual void onDecodingError(int errMsg, _u8 ansType, \x1b[01;35m\x1b[Kconst void* payload\x1b[m\x1b[K, size_t size) {}\n'}
[3.036535] (rplidar_ros) StderrLine: {'line': b'      |                                                               \x1b[01;35m\x1b[K~~~~~~~~~~~~^~~~~~~\x1b[m\x1b[K\n'}
[3.036575] (rplidar_ros) StderrLine: {'line': b'\x1b[01m\x1b[K/root/ros2_ws/src/ROMI-ROS2/rplidar_ros/sdk/src/dataunpacker/dataunpacker.h:56:91:\x1b[m\x1b[K \x1b[01;35m\x1b[Kwarning: \x1b[m\x1b[Kunused parameter \xe2\x80\x98\x1b[01m\x1b[Ksize\x1b[m\x1b[K\xe2\x80\x99 [\x1b[01;35m\x1b[K\x1b]8;;https://gcc.gnu.org/onlinedocs/gcc/Warning-Options.html#index-Wunused-parameter\x07-Wunused-parameter\x1b]8;;\x07\x1b[m\x1b[K]\n'}
[3.036615] (rplidar_ros) StderrLine: {'line': b'   56 |         virtual void onDecodingError(int errMsg, _u8 ansType, const void* payload, \x1b[01;35m\x1b[Ksize_t size\x1b[m\x1b[K) {}\n'}
[3.036655] (rplidar_ros) StderrLine: {'line': b'      |                                                                                    \x1b[01;35m\x1b[K~~~~~~~^~~~\x1b[m\x1b[K\n'}
[3.045625] (rplidar_ros) StderrLine: {'line': b'In file included from \x1b[01m\x1b[K/root/ros2_ws/src/ROMI-ROS2/rplidar_ros/sdk/src/sl_lidar_driver.cpp:51\x1b[m\x1b[K:\n'}
[3.045901] (rplidar_ros) StderrLine: {'line': b'\x1b[01m\x1b[K/root/ros2_ws/src/ROMI-ROS2/rplidar_ros/sdk/src/sl_async_transceiver.h:\x1b[m\x1b[K In member function \xe2\x80\x98\x1b[01m\x1b[Kvirtual void sl::internal::IAsyncProtocolCodec::onChannelError(u_result)\x1b[m\x1b[K\xe2\x80\x99:\n'}
[3.045991] (rplidar_ros) StderrLine: {'line': b'\x1b[01m\x1b[K/root/ros2_ws/src/ROMI-ROS2/rplidar_ros/sdk/src/sl_async_transceiver.h:90:48:\x1b[m\x1b[K \x1b[01;35m\x1b[Kwarning: \x1b[m\x1b[Kunused parameter \xe2\x80\x98\x1b[01m\x1b[KerrCode\x1b[m\x1b[K\xe2\x80\x99 [\x1b[01;35m\x1b[K\x1b]8;;https://gcc.gnu.org/onlinedocs/gcc/Warning-Options.html#index-Wunused-parameter\x07-Wunused-parameter\x1b]8;;\x07\x1b[m\x1b[K]\n'}
[3.046052] (rplidar_ros) StderrLine: {'line': b'   90 |         virtual void   onChannelError(\x1b[01;35m\x1b[Ku_result errCode\x1b[m\x1b[K) {}\n'}
[3.046101] (rplidar_ros) StderrLine: {'line': b'      |                                       \x1b[01;35m\x1b[K~~~~~~~~~^~~~~~~\x1b[m\x1b[K\n'}
[3.056229] (rplidar_ros) StderrLine: {'line': b'In file included from \x1b[01m\x1b[K/root/ros2_ws/src/ROMI-ROS2/rplidar_ros/sdk/include/rplidar_protocol.h:36\x1b[m\x1b[K,\n'}
[3.056796] (rplidar_ros) StderrLine: {'line': b'                 from \x1b[01m\x1b[K/root/ros2_ws/src/ROMI-ROS2/rplidar_ros/sdk/include/rplidar.h:39\x1b[m\x1b[K,\n'}
[3.057314] (rplidar_ros) StderrLine: {'line': b'                 from \x1b[01m\x1b[K/root/ros2_ws/src/ROMI-ROS2/rplidar_ros/sdk/src/sdkcommon.h:49\x1b[m\x1b[K,\n'}
[3.057394] (rplidar_ros) StderrLine: {'line': b'                 from \x1b[01m\x1b[K/root/ros2_ws/src/ROMI-ROS2/rplidar_ros/sdk/src/sl_lidarprotocol_codec.cpp:35\x1b[m\x1b[K:\n'}
[3.057446] (rplidar_ros) StderrLine: {'line': b'\x1b[01m\x1b[K/root/ros2_ws/src/ROMI-ROS2/rplidar_ros/sdk/include/sl_lidar_protocol.h:66:16:\x1b[m\x1b[K \x1b[01;35m\x1b[Kwarning: \x1b[m\x1b[KISO C++ forbids zero-size array \xe2\x80\x98\x1b[01m\x1b[Kdata\x1b[m\x1b[K\xe2\x80\x99 [\x1b[01;35m\x1b[K\x1b]8;;https://gcc.gnu.org/onlinedocs/gcc/Warning-Options.html#index-Wpedantic\x07-Wpedantic\x1b]8;;\x07\x1b[m\x1b[K]\n'}
[3.057496] (rplidar_ros) StderrLine: {'line': b'   66 |     sl_u8 data[\x1b[01;35m\x1b[K0\x1b[m\x1b[K];\n'}
[3.057537] (rplidar_ros) StderrLine: {'line': b'      |                \x1b[01;35m\x1b[K^\x1b[m\x1b[K\n'}
[3.057577] (rplidar_ros) StderrLine: {'line': b'In file included from \x1b[01m\x1b[K/root/ros2_ws/src/ROMI-ROS2/rplidar_ros/sdk/include/rplidar_cmd.h:36\x1b[m\x1b[K,\n'}
[3.057617] (rplidar_ros) StderrLine: {'line': b'                 from \x1b[01m\x1b[K/root/ros2_ws/src/ROMI-ROS2/rplidar_ros/sdk/include/rplidar.h:40\x1b[m\x1b[K,\n'}
[3.057655] (rplidar_ros) StderrLine: {'line': b'                 from \x1b[01m\x1b[K/root/ros2_ws/src/ROMI-ROS2/rplidar_ros/sdk/src/sdkcommon.h:49\x1b[m\x1b[K,\n'}
[3.057693] (rplidar_ros) StderrLine: {'line': b'                 from \x1b[01m\x1b[K/root/ros2_ws/src/ROMI-ROS2/rplidar_ros/sdk/src/sl_lidarprotocol_codec.cpp:35\x1b[m\x1b[K:\n'}
[3.057730] (rplidar_ros) StderrLine: {'line': b'\x1b[01m\x1b[K/root/ros2_ws/src/ROMI-ROS2/rplidar_ros/sdk/include/sl_lidar_cmd.h:324:20:\x1b[m\x1b[K \x1b[01;35m\x1b[Kwarning: \x1b[m\x1b[KISO C++ forbids zero-size array \xe2\x80\x98\x1b[01m\x1b[Kpayload\x1b[m\x1b[K\xe2\x80\x99 [\x1b[01;35m\x1b[K\x1b]8;;https://gcc.gnu.org/onlinedocs/gcc/Warning-Options.html#index-Wpedantic\x07-Wpedantic\x1b]8;;\x07\x1b[m\x1b[K]\n'}
[3.057776] (rplidar_ros) StderrLine: {'line': b'  324 |     sl_u8  payload[\x1b[01;35m\x1b[K0\x1b[m\x1b[K];\n'}
[3.057818] (rplidar_ros) StderrLine: {'line': b'      |                    \x1b[01;35m\x1b[K^\x1b[m\x1b[K\n'}
[3.074363] (rplidar_ros) StderrLine: {'line': b'\x1b[01m\x1b[K/root/ros2_ws/src/ROMI-ROS2/rplidar_ros/sdk/src/sl_lidar_driver.cpp:\x1b[m\x1b[K In member function \xe2\x80\x98\x1b[01m\x1b[Kvirtual sl_result sl::SlamtecLidarDriver::reset(sl_u32)\x1b[m\x1b[K\xe2\x80\x99:\n'}
[3.074761] (rplidar_ros) StderrLine: {'line': b'\x1b[01m\x1b[K/root/ros2_ws/src/ROMI-ROS2/rplidar_ros/sdk/src/sl_lidar_driver.cpp:511:32:\x1b[m\x1b[K \x1b[01;35m\x1b[Kwarning: \x1b[m\x1b[Kunused parameter \xe2\x80\x98\x1b[01m\x1b[KtimeoutInMs\x1b[m\x1b[K\xe2\x80\x99 [\x1b[01;35m\x1b[K\x1b]8;;https://gcc.gnu.org/onlinedocs/gcc/Warning-Options.html#index-Wunused-parameter\x07-Wunused-parameter\x1b]8;;\x07\x1b[m\x1b[K]\n'}
[3.074879] (rplidar_ros) StderrLine: {'line': b'  511 |         sl_result reset(\x1b[01;35m\x1b[Ksl_u32 timeoutInMs = DEFAULT_TIMEOUT\x1b[m\x1b[K)\n'}
[3.074931] (rplidar_ros) StderrLine: {'line': b'      |                         \x1b[01;35m\x1b[K~~~~~~~^~~~~~~~~~~~~~~~~~~~~~~~~~~~~\x1b[m\x1b[K\n'}
[3.078713] (rplidar_ros) StderrLine: {'line': b'\x1b[01m\x1b[K/root/ros2_ws/src/ROMI-ROS2/rplidar_ros/sdk/src/sl_lidar_driver.cpp:\x1b[m\x1b[K In member function \xe2\x80\x98\x1b[01m\x1b[Kvirtual sl_result sl::SlamtecLidarDriver::startScan(bool, bool, sl_u32, sl::LidarScanMode*)\x1b[m\x1b[K\xe2\x80\x99:\n'}
[3.079376] (rplidar_ros) StderrLine: {'line': b'\x1b[01m\x1b[K/root/ros2_ws/src/ROMI-ROS2/rplidar_ros/sdk/src/sl_lidar_driver.cpp:586:69:\x1b[m\x1b[K \x1b[01;35m\x1b[Kwarning: \x1b[m\x1b[Kunused parameter \xe2\x80\x98\x1b[01m\x1b[Koptions\x1b[m\x1b[K\xe2\x80\x99 [\x1b[01;35m\x1b[K\x1b]8;;https://gcc.gnu.org/onlinedocs/gcc/Warning-Options.html#index-Wunused-parameter\x07-Wunused-parameter\x1b]8;;\x07\x1b[m\x1b[K]\n'}
[3.080009] (rplidar_ros) StderrLine: {'line': b'  586 |         sl_result startScan(bool force, bool useTypicalScan, \x1b[01;35m\x1b[Ksl_u32 options = 0\x1b[m\x1b[K, LidarScanMode* outUsedScanMode = nullptr)\n'}
[3.080168] (rplidar_ros) StderrLine: {'line': b'      |                                                              \x1b[01;35m\x1b[K~~~~~~~^~~~~~~~~~~\x1b[m\x1b[K\n'}
[3.080761] (rplidar_ros) StderrLine: {'line': b'\x1b[01m\x1b[K/root/ros2_ws/src/ROMI-ROS2/rplidar_ros/sdk/src/sl_lidar_driver.cpp:\x1b[m\x1b[K In member function \xe2\x80\x98\x1b[01m\x1b[Kvirtual sl_result sl::SlamtecLidarDriver::stop(sl_u32)\x1b[m\x1b[K\xe2\x80\x99:\n'}
[3.080908] (rplidar_ros) StderrLine: {'line': b'\x1b[01m\x1b[K/root/ros2_ws/src/ROMI-ROS2/rplidar_ros/sdk/src/sl_lidar_driver.cpp:763:31:\x1b[m\x1b[K \x1b[01;35m\x1b[Kwarning: \x1b[m\x1b[Kunused parameter \xe2\x80\x98\x1b[01m\x1b[Ktimeout\x1b[m\x1b[K\xe2\x80\x99 [\x1b[01;35m\x1b[K\x1b]8;;https://gcc.gnu.org/onlinedocs/gcc/Warning-Options.html#index-Wunused-parameter\x07-Wunused-parameter\x1b]8;;\x07\x1b[m\x1b[K]\n'}
[3.080980] (rplidar_ros) StderrLine: {'line': b'  763 |         sl_result stop(\x1b[01;35m\x1b[Ksl_u32 timeout = DEFAULT_TIMEOUT\x1b[m\x1b[K)\n'}
[3.081028] (rplidar_ros) StderrLine: {'line': b'      |                        \x1b[01;35m\x1b[K~~~~~~~^~~~~~~~~~~~~~~~~~~~~~~~~\x1b[m\x1b[K\n'}
[3.082758] (rplidar_ros) StderrLine: {'line': b'\x1b[01m\x1b[K/root/ros2_ws/src/ROMI-ROS2/rplidar_ros/sdk/src/sl_lidar_driver.cpp:\x1b[m\x1b[K In member function \xe2\x80\x98\x1b[01m\x1b[Kvirtual sl_result sl::SlamtecLidarDriver::getFrequency(const sl::LidarScanMode&, const sl_lidar_response_measurement_node_hq_t*, size_t, float&)\x1b[m\x1b[K\xe2\x80\x99:\n'}
[3.082900] (rplidar_ros) StderrLine: {'line': b'\x1b[01m\x1b[K/root/ros2_ws/src/ROMI-ROS2/rplidar_ros/sdk/src/sl_lidar_driver.cpp:880:110:\x1b[m\x1b[K \x1b[01;35m\x1b[Kwarning: \x1b[m\x1b[Kunused parameter \xe2\x80\x98\x1b[01m\x1b[Knodes\x1b[m\x1b[K\xe2\x80\x99 [\x1b[01;35m\x1b[K\x1b]8;;https://gcc.gnu.org/onlinedocs/gcc/Warning-Options.html#index-Wunused-parameter\x07-Wunused-parameter\x1b]8;;\x07\x1b[m\x1b[K]\n'}
[3.082969] (rplidar_ros) StderrLine: {'line': b'  880 |         sl_result getFrequency(const LidarScanMode& scanMode, \x1b[01;35m\x1b[Kconst sl_lidar_response_measurement_node_hq_t* nodes\x1b[m\x1b[K, size_t count, float& frequency)\n'}
[3.083020] (rplidar_ros) StderrLine: {'line': b'      |                                                               \x1b[01;35m\x1b[K~~~~~~~~~~~~~~~~~~~~~~~~~~~~~~~~~~~~~~~~~~~~~~~^~~~~\x1b[m\x1b[K\n'}
[3.084967] (rplidar_ros) StderrLine: {'line': b'\x1b[01m\x1b[K/root/ros2_ws/src/ROMI-ROS2/rplidar_ros/sdk/src/sl_lidar_driver.cpp:\x1b[m\x1b[K In member function \xe2\x80\x98\x1b[01m\x1b[Kvirtual sl_result sl::SlamtecLidarDriver::getMotorInfo(sl::LidarMotorInfo&, sl_u32)\x1b[m\x1b[K\xe2\x80\x99:\n'}
[3.085111] (rplidar_ros) StderrLine: {'line': b'\x1b[01m\x1b[K/root/ros2_ws/src/ROMI-ROS2/rplidar_ros/sdk/src/sl_lidar_driver.cpp:1023:66:\x1b[m\x1b[K \x1b[01;35m\x1b[Kwarning: \x1b[m\x1b[Kunused parameter \xe2\x80\x98\x1b[01m\x1b[KtimeoutInMs\x1b[m\x1b[K\xe2\x80\x99 [\x1b[01;35m\x1b[K\x1b]8;;https://gcc.gnu.org/onlinedocs/gcc/Warning-Options.html#index-Wunused-parameter\x07-Wunused-parameter\x1b]8;;\x07\x1b[m\x1b[K]\n'}
[3.085189] (rplidar_ros) StderrLine: {'line': b' 1023 |         sl_result getMotorInfo(LidarMotorInfo &motorInfo, \x1b[01;35m\x1b[Ksl_u32 timeoutInMs\x1b[m\x1b[K)\n'}
[3.085244] (rplidar_ros) StderrLine: {'line': b'      |                                                           \x1b[01;35m\x1b[K~~~~~~~^~~~~~~~~~~\x1b[m\x1b[K\n'}
[3.086162] (rplidar_ros) StderrLine: {'line': b'\x1b[01m\x1b[K/root/ros2_ws/src/ROMI-ROS2/rplidar_ros/sdk/src/sl_lidar_driver.cpp:\x1b[m\x1b[K In member function \xe2\x80\x98\x1b[01m\x1b[Ku_result sl::SlamtecLidarDriver::getScanModeCount(sl_u16&, sl_u32)\x1b[m\x1b[K\xe2\x80\x99:\n'}
[3.086284] (rplidar_ros) StderrLine: {'line': b'\x1b[01m\x1b[K/root/ros2_ws/src/ROMI-ROS2/rplidar_ros/sdk/src/sl_lidar_driver.cpp:1199:61:\x1b[m\x1b[K \x1b[01;35m\x1b[Kwarning: \x1b[m\x1b[Kunused parameter \xe2\x80\x98\x1b[01m\x1b[KtimeoutInMs\x1b[m\x1b[K\xe2\x80\x99 [\x1b[01;35m\x1b[K\x1b]8;;https://gcc.gnu.org/onlinedocs/gcc/Warning-Options.html#index-Wunused-parameter\x07-Wunused-parameter\x1b]8;;\x07\x1b[m\x1b[K]\n'}
[3.086355] (rplidar_ros) StderrLine: {'line': b' 1199 |         u_result getScanModeCount(sl_u16& modeCount, \x1b[01;35m\x1b[Ksl_u32 timeoutInMs = DEFAULT_TIMEOUT\x1b[m\x1b[K)\n'}
[3.086413] (rplidar_ros) StderrLine: {'line': b'      |                                                      \x1b[01;35m\x1b[K~~~~~~~^~~~~~~~~~~~~~~~~~~~~~~~~~~~~\x1b[m\x1b[K\n'}
[3.109741] (-) TimerEvent: {}
[3.121902] (rplidar_ros) StderrLine: {'line': b'/root/ros2_ws/src/ROMI-ROS2/rplidar_ros/sdk/src/sl_lidar_driver.cpp: In instantiation of \xe2\x80\x98\x1b[01m\x1b[Kvoid sl::RawSampleNodeHolder<T>::pushNode(_u64, const T*) [with T = sl_lidar_response_measurement_node_hq_t; _u64 = long unsigned int]\x1b[m\x1b[K\xe2\x80\x99:\n'}
[3.122143] (rplidar_ros) StderrLine: {'line': b'\x1b[01m\x1b[K/root/ros2_ws/src/ROMI-ROS2/rplidar_ros/sdk/src/sl_lidar_driver.cpp:1648:42:\x1b[m\x1b[K   required from here\n'}
[3.122211] (rplidar_ros) StderrLine: {'line': b'\x1b[01m\x1b[K/root/ros2_ws/src/ROMI-ROS2/rplidar_ros/sdk/src/sl_lidar_driver.cpp:202:28:\x1b[m\x1b[K \x1b[01;35m\x1b[Kwarning: \x1b[m\x1b[Kunused parameter \xe2\x80\x98\x1b[01m\x1b[Ktimestamp_uS\x1b[m\x1b[K\xe2\x80\x99 [\x1b[01;35m\x1b[K\x1b]8;;https://gcc.gnu.org/onlinedocs/gcc/Warning-Options.html#index-Wunused-parameter\x07-Wunused-parameter\x1b]8;;\x07\x1b[m\x1b[K]\n'}
[3.122265] (rplidar_ros) StderrLine: {'line': b'  202 |         void pushNode(\x1b[01;35m\x1b[K_u64 timestamp_uS\x1b[m\x1b[K, const T* node)\n'}
[3.122309] (rplidar_ros) StderrLine: {'line': b'      |                       \x1b[01;35m\x1b[K~~~~~^~~~~~~~~~~~\x1b[m\x1b[K\n'}
[3.146610] (rplidar_ros) StderrLine: {'line': b'In file included from \x1b[01m\x1b[K/root/ros2_ws/src/ROMI-ROS2/rplidar_ros/sdk/src/sl_lidar_driver.cpp:50\x1b[m\x1b[K:\n'}
[3.146967] (rplidar_ros) StderrLine: {'line': b'\x1b[01m\x1b[K/root/ros2_ws/src/ROMI-ROS2/rplidar_ros/sdk/src/dataunpacker/dataunpacker.h:\x1b[m\x1b[K In member function \xe2\x80\x98\x1b[01m\x1b[Kvirtual void sl::internal::LIDARSampleDataListener::onCustomSampleDataDecoded(_u8, _u32, const void*, size_t)\x1b[m\x1b[K\xe2\x80\x99:\n'}
[3.147044] (rplidar_ros) StderrLine: {'line': b'\x1b[01m\x1b[K/root/ros2_ws/src/ROMI-ROS2/rplidar_ros/sdk/src/dataunpacker/dataunpacker.h:54:52:\x1b[m\x1b[K \x1b[01;35m\x1b[Kwarning: \x1b[m\x1b[Kunused parameter \xe2\x80\x98\x1b[01m\x1b[KansType\x1b[m\x1b[K\xe2\x80\x99 [\x1b[01;35m\x1b[K\x1b]8;;https://gcc.gnu.org/onlinedocs/gcc/Warning-Options.html#index-Wunused-parameter\x07-Wunused-parameter\x1b]8;;\x07\x1b[m\x1b[K]\n'}
[3.147115] (rplidar_ros) StderrLine: {'line': b'   54 |         virtual void onCustomSampleDataDecoded(\x1b[01;35m\x1b[K_u8 ansType\x1b[m\x1b[K, _u32 customCode, const void* data, size_t size) {}\n'}
[3.147165] (rplidar_ros) StderrLine: {'line': b'      |                                                \x1b[01;35m\x1b[K~~~~^~~~~~~\x1b[m\x1b[K\n'}
[3.147210] (rplidar_ros) StderrLine: {'line': b'\x1b[01m\x1b[K/root/ros2_ws/src/ROMI-ROS2/rplidar_ros/sdk/src/dataunpacker/dataunpacker.h:54:66:\x1b[m\x1b[K \x1b[01;35m\x1b[Kwarning: \x1b[m\x1b[Kunused parameter \xe2\x80\x98\x1b[01m\x1b[KcustomCode\x1b[m\x1b[K\xe2\x80\x99 [\x1b[01;35m\x1b[K\x1b]8;;https://gcc.gnu.org/onlinedocs/gcc/Warning-Options.html#index-Wunused-parameter\x07-Wunused-parameter\x1b]8;;\x07\x1b[m\x1b[K]\n'}
[3.147257] (rplidar_ros) StderrLine: {'line': b'   54 |         virtual void onCustomSampleDataDecoded(_u8 ansType, \x1b[01;35m\x1b[K_u32 customCode\x1b[m\x1b[K, const void* data, size_t size) {}\n'}
[3.147301] (rplidar_ros) StderrLine: {'line': b'      |                                                             \x1b[01;35m\x1b[K~~~~~^~~~~~~~~~\x1b[m\x1b[K\n'}
[3.147346] (rplidar_ros) StderrLine: {'line': b'\x1b[01m\x1b[K/root/ros2_ws/src/ROMI-ROS2/rplidar_ros/sdk/src/dataunpacker/dataunpacker.h:54:90:\x1b[m\x1b[K \x1b[01;35m\x1b[Kwarning: \x1b[m\x1b[Kunused parameter \xe2\x80\x98\x1b[01m\x1b[Kdata\x1b[m\x1b[K\xe2\x80\x99 [\x1b[01;35m\x1b[K\x1b]8;;https://gcc.gnu.org/onlinedocs/gcc/Warning-Options.html#index-Wunused-parameter\x07-Wunused-parameter\x1b]8;;\x07\x1b[m\x1b[K]\n'}
[3.147394] (rplidar_ros) StderrLine: {'line': b'   54 |         virtual void onCustomSampleDataDecoded(_u8 ansType, _u32 customCode, \x1b[01;35m\x1b[Kconst void* data\x1b[m\x1b[K, size_t size) {}\n'}
[3.147448] (rplidar_ros) StderrLine: {'line': b'      |                                                                              \x1b[01;35m\x1b[K~~~~~~~~~~~~^~~~\x1b[m\x1b[K\n'}
[3.147496] (rplidar_ros) StderrLine: {'line': b'\x1b[01m\x1b[K/root/ros2_ws/src/ROMI-ROS2/rplidar_ros/sdk/src/dataunpacker/dataunpacker.h:54:103:\x1b[m\x1b[K \x1b[01;35m\x1b[Kwarning: \x1b[m\x1b[Kunused parameter \xe2\x80\x98\x1b[01m\x1b[Ksize\x1b[m\x1b[K\xe2\x80\x99 [\x1b[01;35m\x1b[K\x1b]8;;https://gcc.gnu.org/onlinedocs/gcc/Warning-Options.html#index-Wunused-parameter\x07-Wunused-parameter\x1b]8;;\x07\x1b[m\x1b[K]\n'}
[3.147543] (rplidar_ros) StderrLine: {'line': b'   54 |         virtual void onCustomSampleDataDecoded(_u8 ansType, _u32 customCode, const void* data, \x1b[01;35m\x1b[Ksize_t size\x1b[m\x1b[K) {}\n'}
[3.147587] (rplidar_ros) StderrLine: {'line': b'      |                                                                                                \x1b[01;35m\x1b[K~~~~~~~^~~~\x1b[m\x1b[K\n'}
[3.147633] (rplidar_ros) StderrLine: {'line': b'\x1b[01m\x1b[K/root/ros2_ws/src/ROMI-ROS2/rplidar_ros/sdk/src/dataunpacker/dataunpacker.h:\x1b[m\x1b[K In member function \xe2\x80\x98\x1b[01m\x1b[Kvirtual void sl::internal::LIDARSampleDataListener::onDecodingError(int, _u8, const void*, size_t)\x1b[m\x1b[K\xe2\x80\x99:\n'}
[3.147678] (rplidar_ros) StderrLine: {'line': b'\x1b[01m\x1b[K/root/ros2_ws/src/ROMI-ROS2/rplidar_ros/sdk/src/dataunpacker/dataunpacker.h:56:42:\x1b[m\x1b[K \x1b[01;35m\x1b[Kwarning: \x1b[m\x1b[Kunused parameter \xe2\x80\x98\x1b[01m\x1b[KerrMsg\x1b[m\x1b[K\xe2\x80\x99 [\x1b[01;35m\x1b[K\x1b]8;;https://gcc.gnu.org/onlinedocs/gcc/Warning-Options.html#index-Wunused-parameter\x07-Wunused-parameter\x1b]8;;\x07\x1b[m\x1b[K]\n'}
[3.147723] (rplidar_ros) StderrLine: {'line': b'   56 |         virtual void onDecodingError(\x1b[01;35m\x1b[Kint errMsg\x1b[m\x1b[K, _u8 ansType, const void* payload, size_t size) {}\n'}
[3.147769] (rplidar_ros) StderrLine: {'line': b'      |                                      \x1b[01;35m\x1b[K~~~~^~~~~~\x1b[m\x1b[K\n'}
[3.147817] (rplidar_ros) StderrLine: {'line': b'\x1b[01m\x1b[K/root/ros2_ws/src/ROMI-ROS2/rplidar_ros/sdk/src/dataunpacker/dataunpacker.h:56:54:\x1b[m\x1b[K \x1b[01;35m\x1b[Kwarning: \x1b[m\x1b[Kunused parameter \xe2\x80\x98\x1b[01m\x1b[KansType\x1b[m\x1b[K\xe2\x80\x99 [\x1b[01;35m\x1b[K\x1b]8;;https://gcc.gnu.org/onlinedocs/gcc/Warning-Options.html#index-Wunused-parameter\x07-Wunused-parameter\x1b]8;;\x07\x1b[m\x1b[K]\n'}
[3.147862] (rplidar_ros) StderrLine: {'line': b'   56 |         virtual void onDecodingError(int errMsg, \x1b[01;35m\x1b[K_u8 ansType\x1b[m\x1b[K, const void* payload, size_t size) {}\n'}
[3.147925] (rplidar_ros) StderrLine: {'line': b'      |                                                  \x1b[01;35m\x1b[K~~~~^~~~~~~\x1b[m\x1b[K\n'}
[3.148171] (rplidar_ros) StderrLine: {'line': b'\x1b[01m\x1b[K/root/ros2_ws/src/ROMI-ROS2/rplidar_ros/sdk/src/dataunpacker/dataunpacker.h:56:75:\x1b[m\x1b[K \x1b[01;35m\x1b[Kwarning: \x1b[m\x1b[Kunused parameter \xe2\x80\x98\x1b[01m\x1b[Kpayload\x1b[m\x1b[K\xe2\x80\x99 [\x1b[01;35m\x1b[K\x1b]8;;https://gcc.gnu.org/onlinedocs/gcc/Warning-Options.html#index-Wunused-parameter\x07-Wunused-parameter\x1b]8;;\x07\x1b[m\x1b[K]\n'}
[3.148277] (rplidar_ros) StderrLine: {'line': b'   56 |         virtual void onDecodingError(int errMsg, _u8 ansType, \x1b[01;35m\x1b[Kconst void* payload\x1b[m\x1b[K, size_t size) {}\n'}
[3.148365] (rplidar_ros) StderrLine: {'line': b'      |                                                               \x1b[01;35m\x1b[K~~~~~~~~~~~~^~~~~~~\x1b[m\x1b[K\n'}
[3.148474] (rplidar_ros) StderrLine: {'line': b'\x1b[01m\x1b[K/root/ros2_ws/src/ROMI-ROS2/rplidar_ros/sdk/src/dataunpacker/dataunpacker.h:56:91:\x1b[m\x1b[K \x1b[01;35m\x1b[Kwarning: \x1b[m\x1b[Kunused parameter \xe2\x80\x98\x1b[01m\x1b[Ksize\x1b[m\x1b[K\xe2\x80\x99 [\x1b[01;35m\x1b[K\x1b]8;;https://gcc.gnu.org/onlinedocs/gcc/Warning-Options.html#index-Wunused-parameter\x07-Wunused-parameter\x1b]8;;\x07\x1b[m\x1b[K]\n'}
[3.148568] (rplidar_ros) StderrLine: {'line': b'   56 |         virtual void onDecodingError(int errMsg, _u8 ansType, const void* payload, \x1b[01;35m\x1b[Ksize_t size\x1b[m\x1b[K) {}\n'}
[3.148659] (rplidar_ros) StderrLine: {'line': b'      |                                                                                    \x1b[01;35m\x1b[K~~~~~~~^~~~\x1b[m\x1b[K\n'}
[3.152699] (rplidar_ros) StderrLine: {'line': b'In file included from \x1b[01m\x1b[K/root/ros2_ws/src/ROMI-ROS2/rplidar_ros/sdk/src/sl_lidar_driver.cpp:51\x1b[m\x1b[K:\n'}
[3.152941] (rplidar_ros) StderrLine: {'line': b'\x1b[01m\x1b[K/root/ros2_ws/src/ROMI-ROS2/rplidar_ros/sdk/src/sl_async_transceiver.h:\x1b[m\x1b[K In member function \xe2\x80\x98\x1b[01m\x1b[Kvirtual void sl::internal::IAsyncProtocolCodec::onChannelError(u_result)\x1b[m\x1b[K\xe2\x80\x99:\n'}
[3.153050] (rplidar_ros) StderrLine: {'line': b'\x1b[01m\x1b[K/root/ros2_ws/src/ROMI-ROS2/rplidar_ros/sdk/src/sl_async_transceiver.h:90:48:\x1b[m\x1b[K \x1b[01;35m\x1b[Kwarning: \x1b[m\x1b[Kunused parameter \xe2\x80\x98\x1b[01m\x1b[KerrCode\x1b[m\x1b[K\xe2\x80\x99 [\x1b[01;35m\x1b[K\x1b]8;;https://gcc.gnu.org/onlinedocs/gcc/Warning-Options.html#index-Wunused-parameter\x07-Wunused-parameter\x1b]8;;\x07\x1b[m\x1b[K]\n'}
[3.153116] (rplidar_ros) StderrLine: {'line': b'   90 |         virtual void   onChannelError(\x1b[01;35m\x1b[Ku_result errCode\x1b[m\x1b[K) {}\n'}
[3.153166] (rplidar_ros) StderrLine: {'line': b'      |                                       \x1b[01;35m\x1b[K~~~~~~~~~^~~~~~~\x1b[m\x1b[K\n'}
[3.171094] (rplidar_ros) StderrLine: {'line': b'\x1b[01m\x1b[K/root/ros2_ws/src/ROMI-ROS2/rplidar_ros/sdk/src/sl_lidar_driver.cpp:\x1b[m\x1b[K In member function \xe2\x80\x98\x1b[01m\x1b[Kvirtual sl_result sl::SlamtecLidarDriver::reset(sl_u32)\x1b[m\x1b[K\xe2\x80\x99:\n'}
[3.171488] (rplidar_ros) StderrLine: {'line': b'\x1b[01m\x1b[K/root/ros2_ws/src/ROMI-ROS2/rplidar_ros/sdk/src/sl_lidar_driver.cpp:511:32:\x1b[m\x1b[K \x1b[01;35m\x1b[Kwarning: \x1b[m\x1b[Kunused parameter \xe2\x80\x98\x1b[01m\x1b[KtimeoutInMs\x1b[m\x1b[K\xe2\x80\x99 [\x1b[01;35m\x1b[K\x1b]8;;https://gcc.gnu.org/onlinedocs/gcc/Warning-Options.html#index-Wunused-parameter\x07-Wunused-parameter\x1b]8;;\x07\x1b[m\x1b[K]\n'}
[3.171681] (rplidar_ros) StderrLine: {'line': b'  511 |         sl_result reset(\x1b[01;35m\x1b[Ksl_u32 timeoutInMs = DEFAULT_TIMEOUT\x1b[m\x1b[K)\n'}
[3.171811] (rplidar_ros) StderrLine: {'line': b'      |                         \x1b[01;35m\x1b[K~~~~~~~^~~~~~~~~~~~~~~~~~~~~~~~~~~~~\x1b[m\x1b[K\n'}
[3.174032] (rplidar_ros) StderrLine: {'line': b'\x1b[01m\x1b[K/root/ros2_ws/src/ROMI-ROS2/rplidar_ros/sdk/src/sl_lidar_driver.cpp:\x1b[m\x1b[K In member function \xe2\x80\x98\x1b[01m\x1b[Kvirtual sl_result sl::SlamtecLidarDriver::startScan(bool, bool, sl_u32, sl::LidarScanMode*)\x1b[m\x1b[K\xe2\x80\x99:\n'}
[3.174238] (rplidar_ros) StderrLine: {'line': b'\x1b[01m\x1b[K/root/ros2_ws/src/ROMI-ROS2/rplidar_ros/sdk/src/sl_lidar_driver.cpp:586:69:\x1b[m\x1b[K \x1b[01;35m\x1b[Kwarning: \x1b[m\x1b[Kunused parameter \xe2\x80\x98\x1b[01m\x1b[Koptions\x1b[m\x1b[K\xe2\x80\x99 [\x1b[01;35m\x1b[K\x1b]8;;https://gcc.gnu.org/onlinedocs/gcc/Warning-Options.html#index-Wunused-parameter\x07-Wunused-parameter\x1b]8;;\x07\x1b[m\x1b[K]\n'}
[3.174327] (rplidar_ros) StderrLine: {'line': b'  586 |         sl_result startScan(bool force, bool useTypicalScan, \x1b[01;35m\x1b[Ksl_u32 options = 0\x1b[m\x1b[K, LidarScanMode* outUsedScanMode = nullptr)\n'}
[3.174385] (rplidar_ros) StderrLine: {'line': b'      |                                                              \x1b[01;35m\x1b[K~~~~~~~^~~~~~~~~~~\x1b[m\x1b[K\n'}
[3.175358] (rplidar_ros) StderrLine: {'line': b'\x1b[01m\x1b[K/root/ros2_ws/src/ROMI-ROS2/rplidar_ros/sdk/src/sl_lidar_driver.cpp:\x1b[m\x1b[K In member function \xe2\x80\x98\x1b[01m\x1b[Kvirtual sl_result sl::SlamtecLidarDriver::stop(sl_u32)\x1b[m\x1b[K\xe2\x80\x99:\n'}
[3.175494] (rplidar_ros) StderrLine: {'line': b'\x1b[01m\x1b[K/root/ros2_ws/src/ROMI-ROS2/rplidar_ros/sdk/src/sl_lidar_driver.cpp:763:31:\x1b[m\x1b[K \x1b[01;35m\x1b[Kwarning: \x1b[m\x1b[Kunused parameter \xe2\x80\x98\x1b[01m\x1b[Ktimeout\x1b[m\x1b[K\xe2\x80\x99 [\x1b[01;35m\x1b[K\x1b]8;;https://gcc.gnu.org/onlinedocs/gcc/Warning-Options.html#index-Wunused-parameter\x07-Wunused-parameter\x1b]8;;\x07\x1b[m\x1b[K]\n'}
[3.175567] (rplidar_ros) StderrLine: {'line': b'  763 |         sl_result stop(\x1b[01;35m\x1b[Ksl_u32 timeout = DEFAULT_TIMEOUT\x1b[m\x1b[K)\n'}
[3.175615] (rplidar_ros) StderrLine: {'line': b'      |                        \x1b[01;35m\x1b[K~~~~~~~^~~~~~~~~~~~~~~~~~~~~~~~~\x1b[m\x1b[K\n'}
[3.176898] (rplidar_ros) StderrLine: {'line': b'\x1b[01m\x1b[K/root/ros2_ws/src/ROMI-ROS2/rplidar_ros/sdk/src/sl_lidar_driver.cpp:\x1b[m\x1b[K In member function \xe2\x80\x98\x1b[01m\x1b[Kvirtual sl_result sl::SlamtecLidarDriver::getFrequency(const sl::LidarScanMode&, const sl_lidar_response_measurement_node_hq_t*, size_t, float&)\x1b[m\x1b[K\xe2\x80\x99:\n'}
[3.177055] (rplidar_ros) StderrLine: {'line': b'\x1b[01m\x1b[K/root/ros2_ws/src/ROMI-ROS2/rplidar_ros/sdk/src/sl_lidar_driver.cpp:880:110:\x1b[m\x1b[K \x1b[01;35m\x1b[Kwarning: \x1b[m\x1b[Kunused parameter \xe2\x80\x98\x1b[01m\x1b[Knodes\x1b[m\x1b[K\xe2\x80\x99 [\x1b[01;35m\x1b[K\x1b]8;;https://gcc.gnu.org/onlinedocs/gcc/Warning-Options.html#index-Wunused-parameter\x07-Wunused-parameter\x1b]8;;\x07\x1b[m\x1b[K]\n'}
[3.177140] (rplidar_ros) StderrLine: {'line': b'  880 |         sl_result getFrequency(const LidarScanMode& scanMode, \x1b[01;35m\x1b[Kconst sl_lidar_response_measurement_node_hq_t* nodes\x1b[m\x1b[K, size_t count, float& frequency)\n'}
[3.177208] (rplidar_ros) StderrLine: {'line': b'      |                                                               \x1b[01;35m\x1b[K~~~~~~~~~~~~~~~~~~~~~~~~~~~~~~~~~~~~~~~~~~~~~~~^~~~~\x1b[m\x1b[K\n'}
[3.178448] (rplidar_ros) StderrLine: {'line': b'\x1b[01m\x1b[K/root/ros2_ws/src/ROMI-ROS2/rplidar_ros/sdk/src/sl_lidar_driver.cpp:\x1b[m\x1b[K In member function \xe2\x80\x98\x1b[01m\x1b[Kvirtual sl_result sl::SlamtecLidarDriver::getMotorInfo(sl::LidarMotorInfo&, sl_u32)\x1b[m\x1b[K\xe2\x80\x99:\n'}
[3.178877] (rplidar_ros) StderrLine: {'line': b'\x1b[01m\x1b[K/root/ros2_ws/src/ROMI-ROS2/rplidar_ros/sdk/src/sl_lidar_driver.cpp:1023:66:\x1b[m\x1b[K \x1b[01;35m\x1b[Kwarning: \x1b[m\x1b[Kunused parameter \xe2\x80\x98\x1b[01m\x1b[KtimeoutInMs\x1b[m\x1b[K\xe2\x80\x99 [\x1b[01;35m\x1b[K\x1b]8;;https://gcc.gnu.org/onlinedocs/gcc/Warning-Options.html#index-Wunused-parameter\x07-Wunused-parameter\x1b]8;;\x07\x1b[m\x1b[K]\n'}
[3.178969] (rplidar_ros) StderrLine: {'line': b' 1023 |         sl_result getMotorInfo(LidarMotorInfo &motorInfo, \x1b[01;35m\x1b[Ksl_u32 timeoutInMs\x1b[m\x1b[K)\n'}
[3.179022] (rplidar_ros) StderrLine: {'line': b'      |                                                           \x1b[01;35m\x1b[K~~~~~~~^~~~~~~~~~~\x1b[m\x1b[K\n'}
[3.181521] (rplidar_ros) StderrLine: {'line': b'\x1b[01m\x1b[K/root/ros2_ws/src/ROMI-ROS2/rplidar_ros/sdk/src/sl_lidar_driver.cpp:\x1b[m\x1b[K In member function \xe2\x80\x98\x1b[01m\x1b[Ku_result sl::SlamtecLidarDriver::getScanModeCount(sl_u16&, sl_u32)\x1b[m\x1b[K\xe2\x80\x99:\n'}
[3.181682] (rplidar_ros) StderrLine: {'line': b'\x1b[01m\x1b[K/root/ros2_ws/src/ROMI-ROS2/rplidar_ros/sdk/src/sl_lidar_driver.cpp:1199:61:\x1b[m\x1b[K \x1b[01;35m\x1b[Kwarning: \x1b[m\x1b[Kunused parameter \xe2\x80\x98\x1b[01m\x1b[KtimeoutInMs\x1b[m\x1b[K\xe2\x80\x99 [\x1b[01;35m\x1b[K\x1b]8;;https://gcc.gnu.org/onlinedocs/gcc/Warning-Options.html#index-Wunused-parameter\x07-Wunused-parameter\x1b]8;;\x07\x1b[m\x1b[K]\n'}
[3.181758] (rplidar_ros) StderrLine: {'line': b' 1199 |         u_result getScanModeCount(sl_u16& modeCount, \x1b[01;35m\x1b[Ksl_u32 timeoutInMs = DEFAULT_TIMEOUT\x1b[m\x1b[K)\n'}
[3.181821] (rplidar_ros) StderrLine: {'line': b'      |                                                      \x1b[01;35m\x1b[K~~~~~~~^~~~~~~~~~~~~~~~~~~~~~~~~~~~~\x1b[m\x1b[K\n'}
[3.210053] (-) TimerEvent: {}
[3.211240] (rplidar_ros) StderrLine: {'line': b'/root/ros2_ws/src/ROMI-ROS2/rplidar_ros/sdk/src/sl_lidar_driver.cpp: In instantiation of \xe2\x80\x98\x1b[01m\x1b[Kvoid sl::RawSampleNodeHolder<T>::pushNode(_u64, const T*) [with T = sl_lidar_response_measurement_node_hq_t; _u64 = long unsigned int]\x1b[m\x1b[K\xe2\x80\x99:\n'}
[3.211509] (rplidar_ros) StderrLine: {'line': b'\x1b[01m\x1b[K/root/ros2_ws/src/ROMI-ROS2/rplidar_ros/sdk/src/sl_lidar_driver.cpp:1648:42:\x1b[m\x1b[K   required from here\n'}
[3.211644] (rplidar_ros) StderrLine: {'line': b'\x1b[01m\x1b[K/root/ros2_ws/src/ROMI-ROS2/rplidar_ros/sdk/src/sl_lidar_driver.cpp:202:28:\x1b[m\x1b[K \x1b[01;35m\x1b[Kwarning: \x1b[m\x1b[Kunused parameter \xe2\x80\x98\x1b[01m\x1b[Ktimestamp_uS\x1b[m\x1b[K\xe2\x80\x99 [\x1b[01;35m\x1b[K\x1b]8;;https://gcc.gnu.org/onlinedocs/gcc/Warning-Options.html#index-Wunused-parameter\x07-Wunused-parameter\x1b]8;;\x07\x1b[m\x1b[K]\n'}
[3.211755] (rplidar_ros) StderrLine: {'line': b'  202 |         void pushNode(\x1b[01;35m\x1b[K_u64 timestamp_uS\x1b[m\x1b[K, const T* node)\n'}
[3.211847] (rplidar_ros) StderrLine: {'line': b'      |                       \x1b[01;35m\x1b[K~~~~~^~~~~~~~~~~~\x1b[m\x1b[K\n'}
[3.227057] (rplidar_ros) StderrLine: {'line': b'In file included from \x1b[01m\x1b[K/root/ros2_ws/src/ROMI-ROS2/rplidar_ros/sdk/src/sl_lidarprotocol_codec.cpp:49\x1b[m\x1b[K:\n'}
[3.227303] (rplidar_ros) StderrLine: {'line': b'\x1b[01m\x1b[K/root/ros2_ws/src/ROMI-ROS2/rplidar_ros/sdk/src/sl_async_transceiver.h:\x1b[m\x1b[K In member function \xe2\x80\x98\x1b[01m\x1b[Kvirtual void sl::internal::IAsyncProtocolCodec::onChannelError(u_result)\x1b[m\x1b[K\xe2\x80\x99:\n'}
[3.227354] (rplidar_ros) StderrLine: {'line': b'\x1b[01m\x1b[K/root/ros2_ws/src/ROMI-ROS2/rplidar_ros/sdk/src/sl_async_transceiver.h:90:48:\x1b[m\x1b[K \x1b[01;35m\x1b[Kwarning: \x1b[m\x1b[Kunused parameter \xe2\x80\x98\x1b[01m\x1b[KerrCode\x1b[m\x1b[K\xe2\x80\x99 [\x1b[01;35m\x1b[K\x1b]8;;https://gcc.gnu.org/onlinedocs/gcc/Warning-Options.html#index-Wunused-parameter\x07-Wunused-parameter\x1b]8;;\x07\x1b[m\x1b[K]\n'}
[3.227406] (rplidar_ros) StderrLine: {'line': b'   90 |         virtual void   onChannelError(\x1b[01;35m\x1b[Ku_result errCode\x1b[m\x1b[K) {}\n'}
[3.227448] (rplidar_ros) StderrLine: {'line': b'      |                                       \x1b[01;35m\x1b[K~~~~~~~~~^~~~~~~\x1b[m\x1b[K\n'}
[3.227479] (rplidar_ros) StderrLine: {'line': b'\x1b[01m\x1b[K/root/ros2_ws/src/ROMI-ROS2/rplidar_ros/sdk/src/sl_lidar_driver.cpp:\x1b[m\x1b[K At global scope:\n'}
[3.227510] (rplidar_ros) StderrLine: {'line': b'\x1b[01m\x1b[K/root/ros2_ws/src/ROMI-ROS2/rplidar_ros/sdk/src/sl_lidar_driver.cpp:83:17:\x1b[m\x1b[K \x1b[01;35m\x1b[Kwarning: \x1b[m\x1b[K\xe2\x80\x98\x1b[01m\x1b[Kvoid sl::convert(const sl_lidar_response_measurement_node_hq_t&, sl_lidar_response_measurement_node_t&)\x1b[m\x1b[K\xe2\x80\x99 defined but not used [\x1b[01;35m\x1b[K\x1b]8;;https://gcc.gnu.org/onlinedocs/gcc/Warning-Options.html#index-Wunused-function\x07-Wunused-function\x1b]8;;\x07\x1b[m\x1b[K]\n'}
[3.227545] (rplidar_ros) StderrLine: {'line': b'   83 |     static void \x1b[01;35m\x1b[Kconvert\x1b[m\x1b[K(const sl_lidar_response_measurement_node_hq_t& from, sl_lidar_response_measurement_node_t& to)\n'}
[3.227576] (rplidar_ros) StderrLine: {'line': b'      |                 \x1b[01;35m\x1b[K^~~~~~~\x1b[m\x1b[K\n'}
[3.227606] (rplidar_ros) StderrLine: {'line': b'\x1b[01m\x1b[K/root/ros2_ws/src/ROMI-ROS2/rplidar_ros/sdk/src/sl_lidar_driver.cpp:75:17:\x1b[m\x1b[K \x1b[01;35m\x1b[Kwarning: \x1b[m\x1b[K\xe2\x80\x98\x1b[01m\x1b[Kvoid sl::convert(const sl_lidar_response_measurement_node_t&, sl_lidar_response_measurement_node_hq_t&)\x1b[m\x1b[K\xe2\x80\x99 defined but not used [\x1b[01;35m\x1b[K\x1b]8;;https://gcc.gnu.org/onlinedocs/gcc/Warning-Options.html#index-Wunused-function\x07-Wunused-function\x1b]8;;\x07\x1b[m\x1b[K]\n'}
[3.227643] (rplidar_ros) StderrLine: {'line': b'   75 |     static void \x1b[01;35m\x1b[Kconvert\x1b[m\x1b[K(const sl_lidar_response_measurement_node_t& from, sl_lidar_response_measurement_node_hq_t& to)\n'}
[3.227673] (rplidar_ros) StderrLine: {'line': b'      |                 \x1b[01;35m\x1b[K^~~~~~~\x1b[m\x1b[K\n'}
[3.227703] (rplidar_ros) StderrLine: {'line': b'\x1b[01m\x1b[K/root/ros2_ws/src/ROMI-ROS2/rplidar_ros/sdk/src/sl_lidar_driver.cpp:70:17:\x1b[m\x1b[K \x1b[01;35m\x1b[Kwarning: \x1b[m\x1b[K\xe2\x80\x98\x1b[01m\x1b[Kvoid sl::printDeprecationWarn(const char*, const char*)\x1b[m\x1b[K\xe2\x80\x99 defined but not used [\x1b[01;35m\x1b[K\x1b]8;;https://gcc.gnu.org/onlinedocs/gcc/Warning-Options.html#index-Wunused-function\x07-Wunused-function\x1b]8;;\x07\x1b[m\x1b[K]\n'}
[3.227736] (rplidar_ros) StderrLine: {'line': b'   70 |     static void \x1b[01;35m\x1b[KprintDeprecationWarn\x1b[m\x1b[K(const char* fn, const char* replacement)\n'}
[3.227765] (rplidar_ros) StderrLine: {'line': b'      |                 \x1b[01;35m\x1b[K^~~~~~~~~~~~~~~~~~~~\x1b[m\x1b[K\n'}
[3.310178] (-) TimerEvent: {}
[3.341647] (rplidar_ros) StderrLine: {'line': b'\x1b[01m\x1b[K/root/ros2_ws/src/ROMI-ROS2/rplidar_ros/sdk/src/sl_lidar_driver.cpp:\x1b[m\x1b[K At global scope:\n'}
[3.342303] (rplidar_ros) StderrLine: {'line': b'\x1b[01m\x1b[K/root/ros2_ws/src/ROMI-ROS2/rplidar_ros/sdk/src/sl_lidar_driver.cpp:83:17:\x1b[m\x1b[K \x1b[01;35m\x1b[Kwarning: \x1b[m\x1b[K\xe2\x80\x98\x1b[01m\x1b[Kvoid sl::convert(const sl_lidar_response_measurement_node_hq_t&, sl_lidar_response_measurement_node_t&)\x1b[m\x1b[K\xe2\x80\x99 defined but not used [\x1b[01;35m\x1b[K\x1b]8;;https://gcc.gnu.org/onlinedocs/gcc/Warning-Options.html#index-Wunused-function\x07-Wunused-function\x1b]8;;\x07\x1b[m\x1b[K]\n'}
[3.342516] (rplidar_ros) StderrLine: {'line': b'   83 |     static void \x1b[01;35m\x1b[Kconvert\x1b[m\x1b[K(const sl_lidar_response_measurement_node_hq_t& from, sl_lidar_response_measurement_node_t& to)\n'}
[3.342632] (rplidar_ros) StderrLine: {'line': b'      |                 \x1b[01;35m\x1b[K^~~~~~~\x1b[m\x1b[K\n'}
[3.342703] (rplidar_ros) StderrLine: {'line': b'\x1b[01m\x1b[K/root/ros2_ws/src/ROMI-ROS2/rplidar_ros/sdk/src/sl_lidar_driver.cpp:75:17:\x1b[m\x1b[K \x1b[01;35m\x1b[Kwarning: \x1b[m\x1b[K\xe2\x80\x98\x1b[01m\x1b[Kvoid sl::convert(const sl_lidar_response_measurement_node_t&, sl_lidar_response_measurement_node_hq_t&)\x1b[m\x1b[K\xe2\x80\x99 defined but not used [\x1b[01;35m\x1b[K\x1b]8;;https://gcc.gnu.org/onlinedocs/gcc/Warning-Options.html#index-Wunused-function\x07-Wunused-function\x1b]8;;\x07\x1b[m\x1b[K]\n'}
[3.342771] (rplidar_ros) StderrLine: {'line': b'   75 |     static void \x1b[01;35m\x1b[Kconvert\x1b[m\x1b[K(const sl_lidar_response_measurement_node_t& from, sl_lidar_response_measurement_node_hq_t& to)\n'}
[3.342822] (rplidar_ros) StderrLine: {'line': b'      |                 \x1b[01;35m\x1b[K^~~~~~~\x1b[m\x1b[K\n'}
[3.342869] (rplidar_ros) StderrLine: {'line': b'\x1b[01m\x1b[K/root/ros2_ws/src/ROMI-ROS2/rplidar_ros/sdk/src/sl_lidar_driver.cpp:70:17:\x1b[m\x1b[K \x1b[01;35m\x1b[Kwarning: \x1b[m\x1b[K\xe2\x80\x98\x1b[01m\x1b[Kvoid sl::printDeprecationWarn(const char*, const char*)\x1b[m\x1b[K\xe2\x80\x99 defined but not used [\x1b[01;35m\x1b[K\x1b]8;;https://gcc.gnu.org/onlinedocs/gcc/Warning-Options.html#index-Wunused-function\x07-Wunused-function\x1b]8;;\x07\x1b[m\x1b[K]\n'}
[3.342921] (rplidar_ros) StderrLine: {'line': b'   70 |     static void \x1b[01;35m\x1b[KprintDeprecationWarn\x1b[m\x1b[K(const char* fn, const char* replacement)\n'}
[3.342967] (rplidar_ros) StderrLine: {'line': b'      |                 \x1b[01;35m\x1b[K^~~~~~~~~~~~~~~~~~~~\x1b[m\x1b[K\n'}
[3.410301] (-) TimerEvent: {}
[3.512513] (-) TimerEvent: {}
[3.612878] (-) TimerEvent: {}
[3.713269] (-) TimerEvent: {}
[3.813720] (-) TimerEvent: {}
[3.914166] (-) TimerEvent: {}
[4.014605] (-) TimerEvent: {}
[4.074240] (rplidar_ros) StderrLine: {'line': b'In file included from \x1b[01m\x1b[K/root/ros2_ws/src/ROMI-ROS2/rplidar_ros/sdk/include/sl_lidar_cmd.h:41\x1b[m\x1b[K,\n'}
[4.074504] (rplidar_ros) StderrLine: {'line': b'                 from \x1b[01m\x1b[K/root/ros2_ws/src/ROMI-ROS2/rplidar_ros/sdk/include/sl_lidar_driver.h:54\x1b[m\x1b[K,\n'}
[4.074555] (rplidar_ros) StderrLine: {'line': b'                 from \x1b[01m\x1b[K/root/ros2_ws/src/ROMI-ROS2/rplidar_ros/sdk/include/sl_lidar.h:36\x1b[m\x1b[K,\n'}
[4.074596] (rplidar_ros) StderrLine: {'line': b'                 from \x1b[01m\x1b[K/root/ros2_ws/src/ROMI-ROS2/rplidar_ros/src/rplidar_node.cpp:38\x1b[m\x1b[K:\n'}
[4.074636] (rplidar_ros) StderrLine: {'line': b'\x1b[01m\x1b[K/root/ros2_ws/src/ROMI-ROS2/rplidar_ros/sdk/include/sl_lidar_protocol.h:66:16:\x1b[m\x1b[K \x1b[01;35m\x1b[Kwarning: \x1b[m\x1b[KISO C++ forbids zero-size array \xe2\x80\x98\x1b[01m\x1b[Kdata\x1b[m\x1b[K\xe2\x80\x99 [\x1b[01;35m\x1b[K\x1b]8;;https://gcc.gnu.org/onlinedocs/gcc/Warning-Options.html#index-Wpedantic\x07-Wpedantic\x1b]8;;\x07\x1b[m\x1b[K]\n'}
[4.074679] (rplidar_ros) StderrLine: {'line': b'   66 |     sl_u8 data[\x1b[01;35m\x1b[K0\x1b[m\x1b[K];\n'}
[4.074712] (rplidar_ros) StderrLine: {'line': b'      |                \x1b[01;35m\x1b[K^\x1b[m\x1b[K\n'}
[4.074744] (rplidar_ros) StderrLine: {'line': b'In file included from \x1b[01m\x1b[K/root/ros2_ws/src/ROMI-ROS2/rplidar_ros/sdk/include/sl_lidar_driver.h:54\x1b[m\x1b[K,\n'}
[4.074783] (rplidar_ros) StderrLine: {'line': b'                 from \x1b[01m\x1b[K/root/ros2_ws/src/ROMI-ROS2/rplidar_ros/sdk/include/sl_lidar.h:36\x1b[m\x1b[K,\n'}
[4.074827] (rplidar_ros) StderrLine: {'line': b'                 from \x1b[01m\x1b[K/root/ros2_ws/src/ROMI-ROS2/rplidar_ros/src/rplidar_node.cpp:38\x1b[m\x1b[K:\n'}
[4.074869] (rplidar_ros) StderrLine: {'line': b'\x1b[01m\x1b[K/root/ros2_ws/src/ROMI-ROS2/rplidar_ros/sdk/include/sl_lidar_cmd.h:324:20:\x1b[m\x1b[K \x1b[01;35m\x1b[Kwarning: \x1b[m\x1b[KISO C++ forbids zero-size array \xe2\x80\x98\x1b[01m\x1b[Kpayload\x1b[m\x1b[K\xe2\x80\x99 [\x1b[01;35m\x1b[K\x1b]8;;https://gcc.gnu.org/onlinedocs/gcc/Warning-Options.html#index-Wpedantic\x07-Wpedantic\x1b]8;;\x07\x1b[m\x1b[K]\n'}
[4.074920] (rplidar_ros) StderrLine: {'line': b'  324 |     sl_u8  payload[\x1b[01;35m\x1b[K0\x1b[m\x1b[K];\n'}
[4.074963] (rplidar_ros) StderrLine: {'line': b'      |                    \x1b[01;35m\x1b[K^\x1b[m\x1b[K\n'}
[4.114713] (-) TimerEvent: {}
[4.142047] (rplidar_ros) StderrLine: {'line': b'In file included from \x1b[01m\x1b[K/root/ros2_ws/src/ROMI-ROS2/rplidar_ros/sdk/include/sl_lidar_cmd.h:41\x1b[m\x1b[K,\n'}
[4.142445] (rplidar_ros) StderrLine: {'line': b'                 from \x1b[01m\x1b[K/root/ros2_ws/src/ROMI-ROS2/rplidar_ros/sdk/include/sl_lidar_driver.h:54\x1b[m\x1b[K,\n'}
[4.142613] (rplidar_ros) StderrLine: {'line': b'                 from \x1b[01m\x1b[K/root/ros2_ws/src/ROMI-ROS2/rplidar_ros/sdk/include/sl_lidar.h:36\x1b[m\x1b[K,\n'}
[4.142721] (rplidar_ros) StderrLine: {'line': b'                 from \x1b[01m\x1b[K/root/ros2_ws/src/ROMI-ROS2/rplidar_ros/src/rplidar_node.cpp:38\x1b[m\x1b[K:\n'}
[4.142812] (rplidar_ros) StderrLine: {'line': b'\x1b[01m\x1b[K/root/ros2_ws/src/ROMI-ROS2/rplidar_ros/sdk/include/sl_lidar_protocol.h:66:16:\x1b[m\x1b[K \x1b[01;35m\x1b[Kwarning: \x1b[m\x1b[KISO C++ forbids zero-size array \xe2\x80\x98\x1b[01m\x1b[Kdata\x1b[m\x1b[K\xe2\x80\x99 [\x1b[01;35m\x1b[K\x1b]8;;https://gcc.gnu.org/onlinedocs/gcc/Warning-Options.html#index-Wpedantic\x07-Wpedantic\x1b]8;;\x07\x1b[m\x1b[K]\n'}
[4.142922] (rplidar_ros) StderrLine: {'line': b'   66 |     sl_u8 data[\x1b[01;35m\x1b[K0\x1b[m\x1b[K];\n'}
[4.143006] (rplidar_ros) StderrLine: {'line': b'      |                \x1b[01;35m\x1b[K^\x1b[m\x1b[K\n'}
[4.143087] (rplidar_ros) StderrLine: {'line': b'In file included from \x1b[01m\x1b[K/root/ros2_ws/src/ROMI-ROS2/rplidar_ros/sdk/include/sl_lidar_driver.h:54\x1b[m\x1b[K,\n'}
[4.143170] (rplidar_ros) StderrLine: {'line': b'                 from \x1b[01m\x1b[K/root/ros2_ws/src/ROMI-ROS2/rplidar_ros/sdk/include/sl_lidar.h:36\x1b[m\x1b[K,\n'}
[4.143255] (rplidar_ros) StderrLine: {'line': b'                 from \x1b[01m\x1b[K/root/ros2_ws/src/ROMI-ROS2/rplidar_ros/src/rplidar_node.cpp:38\x1b[m\x1b[K:\n'}
[4.143331] (rplidar_ros) StderrLine: {'line': b'\x1b[01m\x1b[K/root/ros2_ws/src/ROMI-ROS2/rplidar_ros/sdk/include/sl_lidar_cmd.h:324:20:\x1b[m\x1b[K \x1b[01;35m\x1b[Kwarning: \x1b[m\x1b[KISO C++ forbids zero-size array \xe2\x80\x98\x1b[01m\x1b[Kpayload\x1b[m\x1b[K\xe2\x80\x99 [\x1b[01;35m\x1b[K\x1b]8;;https://gcc.gnu.org/onlinedocs/gcc/Warning-Options.html#index-Wpedantic\x07-Wpedantic\x1b]8;;\x07\x1b[m\x1b[K]\n'}
[4.143414] (rplidar_ros) StderrLine: {'line': b'  324 |     sl_u8  payload[\x1b[01;35m\x1b[K0\x1b[m\x1b[K];\n'}
[4.143506] (rplidar_ros) StderrLine: {'line': b'      |                    \x1b[01;35m\x1b[K^\x1b[m\x1b[K\n'}
[4.214863] (-) TimerEvent: {}
[4.315309] (-) TimerEvent: {}
[4.415740] (-) TimerEvent: {}
[4.516145] (-) TimerEvent: {}
[4.616597] (-) TimerEvent: {}
[4.717021] (-) TimerEvent: {}
[4.817446] (-) TimerEvent: {}
[4.917831] (-) TimerEvent: {}
[5.018247] (-) TimerEvent: {}
[5.118663] (-) TimerEvent: {}
[5.219077] (-) TimerEvent: {}
[5.319487] (-) TimerEvent: {}
[5.419901] (-) TimerEvent: {}
[5.520306] (-) TimerEvent: {}
[5.620700] (-) TimerEvent: {}
[5.721042] (-) TimerEvent: {}
[5.821387] (-) TimerEvent: {}
[5.921779] (-) TimerEvent: {}
[6.022114] (-) TimerEvent: {}
[6.122495] (-) TimerEvent: {}
[6.182081] (rplidar_ros) StdoutLine: {'line': b'[ 94%] \x1b[32m\x1b[1mLinking CXX executable rplidar_node\x1b[0m\n'}
[6.222622] (-) TimerEvent: {}
[6.247401] (rplidar_ros) StdoutLine: {'line': b'[ 97%] \x1b[32m\x1b[1mLinking CXX executable rplidar_composition\x1b[0m\n'}
[6.322749] (-) TimerEvent: {}
[6.414031] (rplidar_ros) StdoutLine: {'line': b'[ 97%] Built target rplidar_node\n'}
[6.422833] (-) TimerEvent: {}
[6.445453] (rplidar_ros) StdoutLine: {'line': b'[ 97%] Built target rplidar_composition\n'}
[6.522951] (-) TimerEvent: {}
[6.623255] (-) TimerEvent: {}
[6.723597] (-) TimerEvent: {}
[6.824023] (-) TimerEvent: {}
[6.924379] (-) TimerEvent: {}
[7.024783] (-) TimerEvent: {}
[7.125173] (-) TimerEvent: {}
[7.225524] (-) TimerEvent: {}
[7.325944] (-) TimerEvent: {}
[7.426343] (-) TimerEvent: {}
[7.526706] (-) TimerEvent: {}
[7.627081] (-) TimerEvent: {}
[7.727463] (-) TimerEvent: {}
[7.827868] (-) TimerEvent: {}
[7.928206] (-) TimerEvent: {}
[8.028571] (-) TimerEvent: {}
[8.128940] (-) TimerEvent: {}
[8.133084] (rplidar_ros) StdoutLine: {'line': b'[100%] \x1b[32m\x1b[1mLinking CXX executable rplidar_client\x1b[0m\n'}
[8.229054] (-) TimerEvent: {}
[8.329410] (-) TimerEvent: {}
[8.332528] (rplidar_ros) StdoutLine: {'line': b'[100%] Built target rplidar_client\n'}
[8.341282] (rplidar_ros) CommandEnded: {'returncode': 0}
[8.341789] (rplidar_ros) JobProgress: {'identifier': 'rplidar_ros', 'progress': 'install'}
[8.348922] (rplidar_ros) Command: {'cmd': ['/usr/bin/cmake', '--install', '/root/ros2_ws/src/ROMI-ROS2/build/rplidar_ros'], 'cwd': '/root/ros2_ws/src/ROMI-ROS2/build/rplidar_ros', 'env': OrderedDict([('GIT_EDITOR', ':'), ('HOSTNAME', 'shue-thinkpad'), ('GIT_ASKPASS', '/vscode/vscode-server/bin/linux-x64/f6cfa2ea2403534de03f069bdf160d06451ed282/extensions/git/dist/askpass.sh'), ('SHLVL', '2'), ('LD_LIBRARY_PATH', '/opt/ros/humble/opt/rviz_ogre_vendor/lib:/opt/ros/humble/lib/x86_64-linux-gnu:/opt/ros/humble/lib'), ('COPILOT_AGENT', '1'), ('BROWSER', '/vscode/vscode-server/bin/linux-x64/f6cfa2ea2403534de03f069bdf160d06451ed282/bin/helpers/browser.sh'), ('HOME', '/root'), ('TERM_PROGRAM_VERSION', '1.121.0'), ('VSCODE_IPC_HOOK_CLI', '/tmp/vscode-ipc-e116993e-fba6-44a8-92a7-ac3186c03027.sock'), ('ROS_PYTHON_VERSION', '3'), ('VSCODE_GIT_ASKPASS_MAIN', '/vscode/vscode-server/bin/linux-x64/f6cfa2ea2403534de03f069bdf160d06451ed282/extensions/git/dist/askpass-main.js'), ('VSCODE_GIT_ASKPASS_NODE', '/vscode/vscode-server/bin/linux-x64/f6cfa2ea2403534de03f069bdf160d06451ed282/node'), ('VSCODE_PYTHON_AUTOACTIVATE_GUARD', '1'), ('COLORTERM', 'truecolor'), ('REMOTE_CONTAINERS', 'true'), ('WAYLAND_DISPLAY', 'vscode-wayland-793b1ade-99ec-48bd-9370-7e1652edf79e.sock'), ('COLCON_PREFIX_PATH', '/root/ros2_ws/src/ROMI-ROS2/install'), ('ROS_DISTRO', 'humble'), ('REMOTE_CONTAINERS_IPC', '/tmp/vscode-remote-containers-ipc-b5ed3e29-fff0-480b-8f00-91ff535d85f5.sock'), ('_', '/usr/bin/colcon'), ('ROS_VERSION', '2'), ('TERM', 'xterm-256color'), ('ROS_LOCALHOST_ONLY', '0'), ('HISTCONTROL', 'ignorespace'), ('PATH', '/opt/ros/humble/bin:/root/.vscode-server/data/User/globalStorage/github.copilot-chat/debugCommand:/root/.vscode-server/data/User/globalStorage/github.copilot-chat/copilotCli:/vscode/vscode-server/bin/linux-x64/f6cfa2ea2403534de03f069bdf160d06451ed282/bin/remote-cli:/usr/local/sbin:/usr/local/bin:/usr/sbin:/usr/bin:/sbin:/bin'), ('XDG_RUNTIME_DIR', '/tmp/user/0'), ('REMOTE_CONTAINERS_SOCKETS', '["/tmp/vscode-ssh-auth-b5ed3e29-fff0-480b-8f00-91ff535d85f5.sock","/root/.gnupg/S.gpg-agent"]'), ('DISPLAY', ':0'), ('LANG', 'C.UTF-8'), ('XAUTHORITY', '/tmp/.Xauthority'), ('LS_COLORS', 'rs=0:di=01;34:ln=01;36:mh=00:pi=40;33:so=01;35:do=01;35:bd=40;33;01:cd=40;33;01:or=40;31;01:mi=00:su=37;41:sg=30;43:ca=30;41:tw=30;42:ow=34;42:st=37;44:ex=01;32:*.tar=01;31:*.tgz=01;31:*.arc=01;31:*.arj=01;31:*.taz=01;31:*.lha=01;31:*.lz4=01;31:*.lzh=01;31:*.lzma=01;31:*.tlz=01;31:*.txz=01;31:*.tzo=01;31:*.t7z=01;31:*.zip=01;31:*.z=01;31:*.dz=01;31:*.gz=01;31:*.lrz=01;31:*.lz=01;31:*.lzo=01;31:*.xz=01;31:*.zst=01;31:*.tzst=01;31:*.bz2=01;31:*.bz=01;31:*.tbz=01;31:*.tbz2=01;31:*.tz=01;31:*.deb=01;31:*.rpm=01;31:*.jar=01;31:*.war=01;31:*.ear=01;31:*.sar=01;31:*.rar=01;31:*.alz=01;31:*.ace=01;31:*.zoo=01;31:*.cpio=01;31:*.7z=01;31:*.rz=01;31:*.cab=01;31:*.wim=01;31:*.swm=01;31:*.dwm=01;31:*.esd=01;31:*.jpg=01;35:*.jpeg=01;35:*.mjpg=01;35:*.mjpeg=01;35:*.gif=01;35:*.bmp=01;35:*.pbm=01;35:*.pgm=01;35:*.ppm=01;35:*.tga=01;35:*.xbm=01;35:*.xpm=01;35:*.tif=01;35:*.tiff=01;35:*.png=01;35:*.svg=01;35:*.svgz=01;35:*.mng=01;35:*.pcx=01;35:*.mov=01;35:*.mpg=01;35:*.mpeg=01;35:*.m2v=01;35:*.mkv=01;35:*.webm=01;35:*.webp=01;35:*.ogm=01;35:*.mp4=01;35:*.m4v=01;35:*.mp4v=01;35:*.vob=01;35:*.qt=01;35:*.nuv=01;35:*.wmv=01;35:*.asf=01;35:*.rm=01;35:*.rmvb=01;35:*.flc=01;35:*.avi=01;35:*.fli=01;35:*.flv=01;35:*.gl=01;35:*.dl=01;35:*.xcf=01;35:*.xwd=01;35:*.yuv=01;35:*.cgm=01;35:*.emf=01;35:*.ogv=01;35:*.ogx=01;35:*.aac=00;36:*.au=00;36:*.flac=00;36:*.m4a=00;36:*.mid=00;36:*.midi=00;36:*.mka=00;36:*.mp3=00;36:*.mpc=00;36:*.ogg=00;36:*.ra=00;36:*.wav=00;36:*.oga=00;36:*.opus=00;36:*.spx=00;36:*.xspf=00;36:'), ('VSCODE_GIT_IPC_HANDLE', '/tmp/user/0/vscode-git-9e7d89b4f8.sock'), ('TERM_PROGRAM', 'vscode'), ('SSH_AUTH_SOCK', '/tmp/vscode-ssh-auth-b5ed3e29-fff0-480b-8f00-91ff535d85f5.sock'), ('ROS_DOMAIN_ID', '0'), ('AMENT_PREFIX_PATH', '/root/ros2_ws/src/ROMI-ROS2/install/romi_base:/opt/ros/humble'), ('SHELL', '/bin/bash'), ('VSCODE_GIT_ASKPASS_EXTRA_ARGS', ''), ('GIT_PAGER', 'cat'), ('PWD', '/root/ros2_ws/src/ROMI-ROS2/build/rplidar_ros'), ('GIT_MERGE_AUTOEDIT', 'no'), ('LC_ALL', 'C.UTF-8'), ('PYTHONPATH', '/root/ros2_ws/src/ROMI-ROS2/install/romi_base/lib/python3.10/site-packages:/opt/ros/humble/lib/python3.10/site-packages:/opt/ros/humble/local/lib/python3.10/dist-packages'), ('COLCON', '1'), ('CMAKE_PREFIX_PATH', '/root/ros2_ws/src/ROMI-ROS2/install/romi_base:/opt/ros/humble')]), 'shell': False}
[8.354604] (rplidar_ros) StdoutLine: {'line': b'-- Install configuration: ""\n'}
[8.354902] (rplidar_ros) StdoutLine: {'line': b'-- Execute custom install script\n'}
[8.355300] (rplidar_ros) StdoutLine: {'line': b'-- Symlinking: /root/ros2_ws/src/ROMI-ROS2/install/rplidar_ros/share/rplidar_ros/launch/rplidar_a1_launch.py\n'}
[8.360665] (rplidar_ros) StdoutLine: {'line': b'-- Symlinking: /root/ros2_ws/src/ROMI-ROS2/install/rplidar_ros/share/rplidar_ros/launch/rplidar_a2m12_launch.py\n'}
[8.366842] (rplidar_ros) StdoutLine: {'line': b'-- Symlinking: /root/ros2_ws/src/ROMI-ROS2/install/rplidar_ros/share/rplidar_ros/launch/rplidar_a2m7_launch.py\n'}
[8.373795] (rplidar_ros) StdoutLine: {'line': b'-- Symlinking: /root/ros2_ws/src/ROMI-ROS2/install/rplidar_ros/share/rplidar_ros/launch/rplidar_a2m8_launch.py\n'}
[8.380644] (rplidar_ros) StdoutLine: {'line': b'-- Symlinking: /root/ros2_ws/src/ROMI-ROS2/install/rplidar_ros/share/rplidar_ros/launch/rplidar_a3_launch.py\n'}
[8.385365] (rplidar_ros) StdoutLine: {'line': b'-- Symlinking: /root/ros2_ws/src/ROMI-ROS2/install/rplidar_ros/share/rplidar_ros/launch/rplidar_c1_launch.py\n'}
[8.389762] (rplidar_ros) StdoutLine: {'line': b'-- Symlinking: /root/ros2_ws/src/ROMI-ROS2/install/rplidar_ros/share/rplidar_ros/launch/rplidar_s1_launch.py\n'}
[8.395419] (rplidar_ros) StdoutLine: {'line': b'-- Symlinking: /root/ros2_ws/src/ROMI-ROS2/install/rplidar_ros/share/rplidar_ros/launch/rplidar_s1_tcp_launch.py\n'}
[8.401315] (rplidar_ros) StdoutLine: {'line': b'-- Symlinking: /root/ros2_ws/src/ROMI-ROS2/install/rplidar_ros/share/rplidar_ros/launch/rplidar_s2_launch.py\n'}
[8.405845] (rplidar_ros) StdoutLine: {'line': b'-- Symlinking: /root/ros2_ws/src/ROMI-ROS2/install/rplidar_ros/share/rplidar_ros/launch/rplidar_s2e_launch.py\n'}
[8.412012] (rplidar_ros) StdoutLine: {'line': b'-- Symlinking: /root/ros2_ws/src/ROMI-ROS2/install/rplidar_ros/share/rplidar_ros/launch/rplidar_s3_launch.py\n'}
[8.416678] (rplidar_ros) StdoutLine: {'line': b'-- Symlinking: /root/ros2_ws/src/ROMI-ROS2/install/rplidar_ros/share/rplidar_ros/launch/rplidar_t1_launch.py\n'}
[8.423869] (rplidar_ros) StdoutLine: {'line': b'-- Symlinking: /root/ros2_ws/src/ROMI-ROS2/install/rplidar_ros/share/rplidar_ros/launch/view_rplidar_a1_launch.py\n'}
[8.428880] (rplidar_ros) StdoutLine: {'line': b'-- Symlinking: /root/ros2_ws/src/ROMI-ROS2/install/rplidar_ros/share/rplidar_ros/launch/view_rplidar_a2m12_launch.py\n'}
[8.429446] (-) TimerEvent: {}
[8.435093] (rplidar_ros) StdoutLine: {'line': b'-- Symlinking: /root/ros2_ws/src/ROMI-ROS2/install/rplidar_ros/share/rplidar_ros/launch/view_rplidar_a2m7_launch.py\n'}
[8.441168] (rplidar_ros) StdoutLine: {'line': b'-- Symlinking: /root/ros2_ws/src/ROMI-ROS2/install/rplidar_ros/share/rplidar_ros/launch/view_rplidar_a2m8_launch.py\n'}
[8.445989] (rplidar_ros) StdoutLine: {'line': b'-- Symlinking: /root/ros2_ws/src/ROMI-ROS2/install/rplidar_ros/share/rplidar_ros/launch/view_rplidar_a3_launch.py\n'}
[8.451205] (rplidar_ros) StdoutLine: {'line': b'-- Symlinking: /root/ros2_ws/src/ROMI-ROS2/install/rplidar_ros/share/rplidar_ros/launch/view_rplidar_c1_launch.py\n'}
[8.456067] (rplidar_ros) StdoutLine: {'line': b'-- Symlinking: /root/ros2_ws/src/ROMI-ROS2/install/rplidar_ros/share/rplidar_ros/launch/view_rplidar_s1_launch.py\n'}
[8.460652] (rplidar_ros) StdoutLine: {'line': b'-- Symlinking: /root/ros2_ws/src/ROMI-ROS2/install/rplidar_ros/share/rplidar_ros/launch/view_rplidar_s1_tcp_launch.py\n'}
[8.465320] (rplidar_ros) StdoutLine: {'line': b'-- Symlinking: /root/ros2_ws/src/ROMI-ROS2/install/rplidar_ros/share/rplidar_ros/launch/view_rplidar_s2_launch.py\n'}
[8.469507] (rplidar_ros) StdoutLine: {'line': b'-- Symlinking: /root/ros2_ws/src/ROMI-ROS2/install/rplidar_ros/share/rplidar_ros/launch/view_rplidar_s2e_launch.py\n'}
[8.473760] (rplidar_ros) StdoutLine: {'line': b'-- Symlinking: /root/ros2_ws/src/ROMI-ROS2/install/rplidar_ros/share/rplidar_ros/launch/view_rplidar_s3_launch.py\n'}
[8.478464] (rplidar_ros) StdoutLine: {'line': b'-- Symlinking: /root/ros2_ws/src/ROMI-ROS2/install/rplidar_ros/share/rplidar_ros/launch/view_rplidar_t1_launch.py\n'}
[8.484313] (rplidar_ros) StdoutLine: {'line': b'-- Symlinking: /root/ros2_ws/src/ROMI-ROS2/install/rplidar_ros/share/rplidar_ros/rviz/rplidar_ros.rviz\n'}
[8.489234] (rplidar_ros) StdoutLine: {'line': b'-- Symlinking: /root/ros2_ws/src/ROMI-ROS2/install/rplidar_ros/lib/rplidar_ros/rplidar_node\n'}
[8.494288] (rplidar_ros) StdoutLine: {'line': b'-- Symlinking: /root/ros2_ws/src/ROMI-ROS2/install/rplidar_ros/lib/rplidar_ros/rplidar_composition\n'}
[8.499387] (rplidar_ros) StdoutLine: {'line': b'-- Symlinking: /root/ros2_ws/src/ROMI-ROS2/install/rplidar_ros/lib/rplidar_ros/rplidar_client\n'}
[8.504376] (rplidar_ros) StdoutLine: {'line': b'-- Symlinking: /root/ros2_ws/src/ROMI-ROS2/install/rplidar_ros/share/ament_index/resource_index/package_run_dependencies/rplidar_ros\n'}
[8.509419] (rplidar_ros) StdoutLine: {'line': b'-- Symlinking: /root/ros2_ws/src/ROMI-ROS2/install/rplidar_ros/share/ament_index/resource_index/parent_prefix_path/rplidar_ros\n'}
[8.515242] (rplidar_ros) StdoutLine: {'line': b'-- Symlinking: /root/ros2_ws/src/ROMI-ROS2/install/rplidar_ros/share/rplidar_ros/environment/ament_prefix_path.sh\n'}
[8.520458] (rplidar_ros) StdoutLine: {'line': b'-- Symlinking: /root/ros2_ws/src/ROMI-ROS2/install/rplidar_ros/share/rplidar_ros/environment/ament_prefix_path.dsv\n'}
[8.525350] (rplidar_ros) StdoutLine: {'line': b'-- Symlinking: /root/ros2_ws/src/ROMI-ROS2/install/rplidar_ros/share/rplidar_ros/environment/path.sh\n'}
[8.529553] (-) TimerEvent: {}
[8.531983] (rplidar_ros) StdoutLine: {'line': b'-- Symlinking: /root/ros2_ws/src/ROMI-ROS2/install/rplidar_ros/share/rplidar_ros/environment/path.dsv\n'}
[8.539709] (rplidar_ros) StdoutLine: {'line': b'-- Symlinking: /root/ros2_ws/src/ROMI-ROS2/install/rplidar_ros/share/rplidar_ros/local_setup.bash\n'}
[8.545722] (rplidar_ros) StdoutLine: {'line': b'-- Symlinking: /root/ros2_ws/src/ROMI-ROS2/install/rplidar_ros/share/rplidar_ros/local_setup.sh\n'}
[8.552090] (rplidar_ros) StdoutLine: {'line': b'-- Symlinking: /root/ros2_ws/src/ROMI-ROS2/install/rplidar_ros/share/rplidar_ros/local_setup.zsh\n'}
[8.557364] (rplidar_ros) StdoutLine: {'line': b'-- Symlinking: /root/ros2_ws/src/ROMI-ROS2/install/rplidar_ros/share/rplidar_ros/local_setup.dsv\n'}
[8.562512] (rplidar_ros) StdoutLine: {'line': b'-- Symlinking: /root/ros2_ws/src/ROMI-ROS2/install/rplidar_ros/share/rplidar_ros/package.dsv\n'}
[8.567930] (rplidar_ros) StdoutLine: {'line': b'-- Symlinking: /root/ros2_ws/src/ROMI-ROS2/install/rplidar_ros/share/ament_index/resource_index/packages/rplidar_ros\n'}
[8.572777] (rplidar_ros) StdoutLine: {'line': b'-- Symlinking: /root/ros2_ws/src/ROMI-ROS2/install/rplidar_ros/share/rplidar_ros/cmake/ament_cmake_export_dependencies-extras.cmake\n'}
[8.578981] (rplidar_ros) StdoutLine: {'line': b'-- Symlinking: /root/ros2_ws/src/ROMI-ROS2/install/rplidar_ros/share/rplidar_ros/cmake/ament_cmake_export_include_directories-extras.cmake\n'}
[8.586446] (rplidar_ros) StdoutLine: {'line': b'-- Symlinking: /root/ros2_ws/src/ROMI-ROS2/install/rplidar_ros/share/rplidar_ros/cmake/rplidar_rosConfig.cmake\n'}
[8.591579] (rplidar_ros) StdoutLine: {'line': b'-- Symlinking: /root/ros2_ws/src/ROMI-ROS2/install/rplidar_ros/share/rplidar_ros/cmake/rplidar_rosConfig-version.cmake\n'}
[8.597864] (rplidar_ros) StdoutLine: {'line': b'-- Symlinking: /root/ros2_ws/src/ROMI-ROS2/install/rplidar_ros/share/rplidar_ros/package.xml\n'}
[8.605915] (rplidar_ros) CommandEnded: {'returncode': 0}
[8.622721] (rplidar_ros) JobEnded: {'identifier': 'rplidar_ros', 'rc': 0}
[8.873701] (-) TimerEvent: {}
[8.873795] (-) EventReactorShutdown: {}
